country,country_long,name,gppd_idnr,capacity_mw,latitude,longitude,fuel1,fuel2,fuel3,fuel4,commissioning_year,owner,source,url,geolocation_source,year_of_capacity_data,generation_gwh_2013,generation_gwh_2014,generation_gwh_2015,generation_gwh_2016,estimated_generation_gwh,Column
AUS,,Australia,Reece,AUS0000141,238,-41.7238,145.1359,Hydro,,,,,Hydro-Electric Corporation (Tasmania),Australian Renewable Energy Mapping Infrastructure,http://services.ga.gov.au/site_3/rest/services/Electricity_Infrastructure/MapServer,Australian Renewable Energy Mapping Infrastructure,2012,,,,,539.3678953
AUS,,Australia,Remount,AUS0000115,2.2,-41.395,147.1554,Waste,,,,,LMS Energy Generation Pty Ltd,Australian Renewable Energy Mapping Infrastructure,http://services.ga.gov.au/site_3/rest/services/Electricity_Infrastructure/MapServer,Australian Renewable Energy Mapping Infrastructure,2012,,,,,0
AUS,,Australia,Repulse,AUS0000120,28,-42.5077,146.647,Hydro,,,,,Hydro-Electric Corporation (Tasmania),Australian Renewable Energy Mapping Infrastructure,http://services.ga.gov.au/site_3/rest/services/Electricity_Infrastructure/MapServer,Australian Renewable Energy Mapping Infrastructure,2012,,,,,63.4550465
AUS,,Australia,Revesby Workers Club,AUS0000317,2.5,-33.9534,151.0137,Oil,,,,,Revesby Workers Club,Australian Renewable Energy Mapping Infrastructure,http://services.ga.gov.au/site_3/rest/services/Electricity_Infrastructure/MapServer,Australian Renewable Energy Mapping Infrastructure,2012,,,,,12.19031778
AUS,,Australia,Rochedale,AUS0000073,4.2,-27.5591,153.1236,Waste,,,,,LMS Energy Generation Pty Ltd,Australian Renewable Energy Mapping Infrastructure,http://services.ga.gov.au/site_3/rest/services/Electricity_Infrastructure/MapServer,Australian Renewable Energy Mapping Infrastructure,2012,,,,,0
AUS,,Australia,Rockingham,AUS0000358,2.1,-32.2863,115.8154,Waste,,,,,AGL Energy Pty Ltd,Australian Renewable Energy Mapping Infrastructure,http://services.ga.gov.au/site_3/rest/services/Electricity_Infrastructure/MapServer,Australian Renewable Energy Mapping Infrastructure,2012,,,,,0
AUS,,Australia,Rocky Point Sugar Sugar Mill,AUS0000060,30,-27.7334,153.3276,Biomass,,,,,Stanwell Corporation Ltd,Australian Renewable Energy Mapping Infrastructure,http://services.ga.gov.au/site_3/rest/services/Electricity_Infrastructure/MapServer,Australian Renewable Energy Mapping Infrastructure,2012,,,,,220.3556485
AUS,,Australia,Roghan Road,AUS0000072,1,-27.3388,153.0344,Waste,,,,,Energy Developments LFG (Qld) Pty Ltd,Australian Renewable Energy Mapping Infrastructure,http://services.ga.gov.au/site_3/rest/services/Electricity_Infrastructure/MapServer,Australian Renewable Energy Mapping Infrastructure,2012,,,,,0
AUS,,Australia,Roma,AUS0000147,80,-26.5772,148.8402,Gas,,,,,Origin Energy,Australian Renewable Energy Mapping Infrastructure,http://services.ga.gov.au/site_3/rest/services/Electricity_Infrastructure/MapServer,Australian Renewable Energy Mapping Infrastructure,2012,,,,,207.8207883
AUS,,Australia,Ron Goodin,AUS0000254,59.6,-23.7091,133.8912,Gas,,,,,NT Power and Water,Australian Renewable Energy Mapping Infrastructure,http://services.ga.gov.au/site_3/rest/services/Electricity_Infrastructure/MapServer,Australian Renewable Energy Mapping Infrastructure,2012,,,,,154.8264873
AUS,,Australia,Rowallan,AUS0000129,10.5,-41.7295,146.2176,Hydro,,,,,Hydro-Electric Corporation (Tasmania),Australian Renewable Energy Mapping Infrastructure,http://services.ga.gov.au/site_3/rest/services/Electricity_Infrastructure/MapServer,Australian Renewable Energy Mapping Infrastructure,2012,,,,,23.79564244
AUS,,Australia,Rubicon,AUS0000095,9.6,-37.3272,145.8605,Hydro,,,,,AGL Energy Pty Ltd,Australian Renewable Energy Mapping Infrastructure,http://services.ga.gov.au/site_3/rest/services/Electricity_Infrastructure/MapServer,Australian Renewable Energy Mapping Infrastructure,2012,,,,,21.75601594
AUS,,Australia,Savannah Nickel Mine,AUS0000407,10.8,-17.3631,128.0331,Oil,,,,,Contract Power,Australian Renewable Energy Mapping Infrastructure,http://services.ga.gov.au/site_3/rest/services/Electricity_Infrastructure/MapServer,Australian Renewable Energy Mapping Infrastructure,2012,,,,,52.66217281
AUS,,Australia,Shenton Park WMRC Project,AUS0000328,1,-31.9577,115.7924,Waste,,,,,AnaeCo Ltd,Australian Renewable Energy Mapping Infrastructure,http://services.ga.gov.au/site_3/rest/services/Electricity_Infrastructure/MapServer,Australian Renewable Energy Mapping Infrastructure,2012,,,,,0
AUS,,Australia,Shepparton Biogas Generation Plant,AUS0000017,1.1,-36.3218,145.379,Waste,,,,,Diamond Energy Pty Ltd,Australian Renewable Energy Mapping Infrastructure,http://services.ga.gov.au/site_3/rest/services/Electricity_Infrastructure/MapServer,Australian Renewable Energy Mapping Infrastructure,2012,,,,,0
AUS,,Australia,Smithfield Energy,AUS0000286,170.9,-33.85,150.9495,Gas,,,,,Marubeni Australia Power Services,Australian Renewable Energy Mapping Infrastructure,http://services.ga.gov.au/site_3/rest/services/Electricity_Infrastructure/MapServer,Australian Renewable Energy Mapping Infrastructure,2012,,,,,443.957159
AUS,,Australia,Snowtown Wind Farm Stage 1,AUS0000005,98.7,-33.7215,138.1471,Wind,,,,,TrustPower Ltd,Australian Renewable Energy Mapping Infrastructure,http://services.ga.gov.au/site_3/rest/services/Electricity_Infrastructure/MapServer,Australian Renewable Energy Mapping Infrastructure,2012,,,,,237.8984243
AUS,,Australia,Snowtown Wind Farm Stage 2,AUS0000456,98.7,-33.8301,138.1184,Wind,,,,,TrustPower Ltd,Australian Renewable Energy Mapping Infrastructure,http://services.ga.gov.au/site_3/rest/services/Electricity_Infrastructure/MapServer,Australian Renewable Energy Mapping Infrastructure,2012,,,,,237.89842
AUS,,Australia,Snuggery,AUS0000245,63,-37.6646,140.4156,Gas,,,,,International Power - GDF Suez Australia,Australian Renewable Energy Mapping Infrastructure,http://services.ga.gov.au/site_3/rest/services/Electricity_Infrastructure/MapServer,Australian Renewable Energy Mapping Infrastructure,2012,,,,,163.65887
AUS,,Australia,Solomon Iron Ore Mine,AUS0000458,125,-22.1581,117.9849,Gas,,,,,,Australian Renewable Energy Mapping Infrastructure,http://services.ga.gov.au/site_3/rest/services/Electricity_Infrastructure/MapServer,Australian Renewable Energy Mapping Infrastructure,,,,,,324.71998
AUS,,Australia,Somerton,AUS0000096,160,-37.6318,144.9531,Gas,,,,,AGL Energy Pty Ltd,Australian Renewable Energy Mapping Infrastructure,http://services.ga.gov.au/site_3/rest/services/Electricity_Infrastructure/MapServer,Australian Renewable Energy Mapping Infrastructure,2012,,,,,415.64158
AUS,,Australia,South Cardup (Shale Road Landfill),AUS0000359,3.3,-32.2664,116.0193,Waste,,,,,Western Australian Landfill Services,Australian Renewable Energy Mapping Infrastructure,http://services.ga.gov.au/site_3/rest/services/Electricity_Infrastructure/MapServer,Australian Renewable Energy Mapping Infrastructure,2012,,,,,0
AUS,,Australia,South Johnstone,AUS0000374,20,-17.6057,145.991,Biomass,,,,,MSF Sugar,Australian Renewable Energy Mapping Infrastructure,http://services.ga.gov.au/site_3/rest/services/Electricity_Infrastructure/MapServer,Australian Renewable Energy Mapping Infrastructure,2012,,,,,146.9037657
AUS,,Australia,Springvale,AUS0000071,4.12,-37.9733,145.1396,Waste,,,,,Energy Developments LFG (Victoria) Pty Ltd,Australian Renewable Energy Mapping Infrastructure,http://services.ga.gov.au/site_3/rest/services/Electricity_Infrastructure/MapServer,Australian Renewable Energy Mapping Infrastructure,2012,,,,,0
AUS,,Australia,St George Leagues Club,AUS0000318,1.5,-33.9748,151.1294,Oil,,,,,St George Leagues Club,Australian Renewable Energy Mapping Infrastructure,http://services.ga.gov.au/site_3/rest/services/Electricity_Infrastructure/MapServer,Australian Renewable Energy Mapping Infrastructure,2012,,,,,7.314190668
AUS,,Australia,Stanwell,AUS0000168,1460,-23.5097,150.3195,Coal,,,,,Stanwell Corporation Ltd,Australian Renewable Energy Mapping Infrastructure,http://services.ga.gov.au/site_3/rest/services/Electricity_Infrastructure/MapServer,Australian Renewable Energy Mapping Infrastructure,2012,,,,,7178.738327
AUS,,Australia,Stapylton Green Energy,AUS0000347,4.8,-27.7334,153.2463,Biomass,,,,,Stapylton Green Energy,Australian Renewable Energy Mapping Infrastructure,http://services.ga.gov.au/site_3/rest/services/Electricity_Infrastructure/MapServer,Australian Renewable Energy Mapping Infrastructure,2012,,,,,35.25690377
AUS,,Australia,Starfish Hill Wind Farm,AUS0000052,34.5,-35.5678,138.1432,Wind,,,,,RATCH-Australia,Australian Renewable Energy Mapping Infrastructure,http://services.ga.gov.au/site_3/rest/services/Electricity_Infrastructure/MapServer,Australian Renewable Energy Mapping Infrastructure,2012,,,,,83.15598418
AUS,,Australia,Studland Bay (Woolnorth) Wind Farm,AUS0000010,75,-40.7788,144.7362,Wind,,,,,Hydro-Electric Corporation (Tasmania),Australian Renewable Energy Mapping Infrastructure,http://services.ga.gov.au/site_3/rest/services/Electricity_Infrastructure/MapServer,Australian Renewable Energy Mapping Infrastructure,2012,,,,,180.7738787
AUS,,Australia,Summerhill,AUS0000033,2.2,-32.8885,151.643,Waste,,,,,LMS Energy Generation Pty Ltd,Australian Renewable Energy Mapping Infrastructure,http://services.ga.gov.au/site_3/rest/services/Electricity_Infrastructure/MapServer,Australian Renewable Energy Mapping Infrastructure,2012,,,,,0
AUS,,Australia,Suncoast Gold Macadamia,AUS0000059,1.5,-26.2261,152.6981,Biomass,,,,,AGL Energy Pty Ltd,Australian Renewable Energy Mapping Infrastructure,http://services.ga.gov.au/site_3/rest/services/Electricity_Infrastructure/MapServer,Australian Renewable Energy Mapping Infrastructure,2012,,,,,11.01778243
CHL,Chile,ANGOL (LOS SAUCES),CHL0000134,1.5,-37.9658,-72.8269,Oil,,,,,SAGESA,Energía Abierta,http://energiaabierta.cl/electricidad/,Energía Abierta,2016,,,,,2.344,
,Chile,ANGOSTURA,CHL0001005,324,-37.7103,-71.8169,Hydro,,,,,COLBUN S.A.,Energía Abierta,http://energiaabierta.cl/electricidad/,Energía Abierta,2016,,,,,1167.563,
,CHL,Chile,ANTILHUE,CHL0000092,101.3,-39.8009,-73.1852,Oil,,,,,COLBUN S.A.,Energía Abierta,http://energiaabierta.cl/electricidad/,Energía Abierta,2016,,,,,158.2885404
,CHL,Chile,ANTUCO,CHL0001006,320,-37.3103,-71.6264,Hydro,,,,,ENDESA,Energía Abierta,http://energiaabierta.cl/electricidad/,Energía Abierta,2016,,,,,1153.148206
,CHL,Chile,ATACAMA (CC1-CC2),CHL0000002,767.8,-23.0898,-70.4168,Gas,,,,,GASATACAMA,Energía Abierta,http://energiaabierta.cl/electricidad/,Energía Abierta,2016,,,,,3199.051648
,CHL,Chile,CBB-CENTRO,CHL0000095,13.532,-34.8666,-71.1432,Oil,,,,,EQUIPOS GENERACION S.A.,Energía Abierta,http://energiaabierta.cl/electricidad/,Energía Abierta,2016,,,,,21.14472388
,CHL,Chile,CENIZAS,CHL0000049,13.9,-27.4809,-70.3897,Oil,,,,,ELECTRICA CENIZAS S.A.,Energía Abierta,http://energiaabierta.cl/electricidad/,Energía Abierta,2016,,,,,21.71975036
,CHL,Chile,CHACABUQUITO,CHL0001017,26,-32.8535,-70.5061,Hydro,,,,,COLBUN S.A.,Energía Abierta,http://energiaabierta.cl/electricidad/,Energía Abierta,2016,,,,,93.69329173
,CHL,Chile,CHACAYES,CHL0001018,112,-34.2756,-70.4523,Hydro,,,,,PACIFICHYDRO,Energía Abierta,http://energiaabierta.cl/electricidad/,Energía Abierta,2016,,,,,403.6018721
,CHL,Chile,CHANARES,CHL0004001,36,-26.3748,-70.0657,Solar,,,,,,Energía Abierta,http://energiaabierta.cl/electricidad/,Energía Abierta,2016,,,,,33.47722735
,CHL,Chile,CHAPIQUINA,CHL0001019,10,-18.3695,-69.5469,Hydro,,,,,E-CL S.A.,Energía Abierta,http://energiaabierta.cl/electricidad/,Energía Abierta,2016,,,,,36.03588144
,CHL,Chile,CHIBURGO,CHL0001020,19,-35.6615,-71.3551,Hydro,,,,,COLBUN S.A.,Energía Abierta,http://energiaabierta.cl/electricidad/,Energía Abierta,2016,,,,,68.46817473
,CHL,Chile,CHILOE,CHL0000082,9,-43.0914,-73.6155,Oil,,,,,ELEKTRAGEN,Energía Abierta,http://energiaabierta.cl/electricidad/,Energía Abierta,2016,,,,,14.06314772
,CHL,Chile,CHUFKEN (TRAIGUEN),CHL0000043,1.6,-38.2624,-72.6165,Oil,,,,,SAGESA,Energía Abierta,http://energiaabierta.cl/electricidad/,Energía Abierta,2016,,,,,2.500115149
,CHL,Chile,CHUYACA,CHL0000083,11.3,-40.5786,-73.0884,Oil,,,,,SAGESA,Energía Abierta,http://energiaabierta.cl/electricidad/,Energía Abierta,2016,,,,,17.65706324
ECU,,Ecuador,Alao,WRI1018590,10,-1.9,-78.4833,Hydro,,,,,E.E. Riobamba,Agencia de Regulacion y Control de Electricidad,http://www.regulacionelectrica.gob.ec/wp-content/uploads/downloads/2015/12/vol1-Resumen-Ejecutivo-PME-2013-2022.pdf,CARMA,,69.12,,,,35.20858428
ECU,,Ecuador,Alvaro Tinajero,WRI1018591,95,-2.1667,-79.9,Gas,,,,,Electrica de Guayaquil,Agencia de Regulacion y Control de Electricidad,http://www.regulacionelectrica.gob.ec/wp-content/uploads/downloads/2015/12/vol1-Resumen-Ejecutivo-PME-2013-2022.pdf,CARMA,,121.8,,,,650.9296429
ECU,,Ecuador,Calope,WRI1018594,18,1.7167,-78.7667,Hydro,,,,,Enermax,Agencia de Regulacion y Control de Electricidad,http://www.regulacionelectrica.gob.ec/wp-content/uploads/downloads/2015/12/vol1-Resumen-Ejecutivo-PME-2013-2022.pdf,CARMA,,90,,,,63.37545171
ECU,,Ecuador,Catamayo,WRI1018595,19.74,-3.9833,-79.35,Oil,,,,,Regional Sur,Agencia de Regulacion y Control de Electricidad,http://www.regulacionelectrica.gob.ec/wp-content/uploads/downloads/2015/12/vol1-Resumen-Ejecutivo-PME-2013-2022.pdf,CARMA,,10,,,,384.4123028
ECU,,Ecuador,Central Termica Trinitaria,WRI1018598,133,-2.2519,-79.91,Oil,,,,1994,Electroguayas,Agencia de Regulacion y Control de Electricidad,http://www.regulacionelectrica.gob.ec/wp-content/uploads/downloads/2015/12/vol1-Resumen-Ejecutivo-PME-2013-2022.pdf,WRI,,629.48,,,,2590.011969
ECU,,Ecuador,Coca Coda Sinclair,WRI1018599,1500,0.1443,-77.617,Hydro,,,,2010,Cocasinclair EP,Agencia de Regulacion y Control de Electricidad,http://www.power-technology.com/projects/coca-codo-sinclair-hydroelectric-project/,WRI,,8743,,,,5281.287642
ECU,,Ecuador,Electroquil,WRI1018603,181,-2.2333,-80.0667,Gas,,,,,Electroquil,Agencia de Regulacion y Control de Electricidad,http://www.regulacionelectrica.gob.ec/wp-content/uploads/downloads/2015/12/vol1-Resumen-Ejecutivo-PME-2013-2022.pdf,CARMA,,217.06,,,,1240.192267
ECU,,Ecuador,Esmeraldas,WRI1018604,132.5,0.9266,-79.6878,Oil,,,,,Termoesmeraldas,Agencia de Regulacion y Control de Electricidad,http://www.regulacionelectrica.gob.ec/wp-content/uploads/downloads/2015/12/vol1-Resumen-Ejecutivo-PME-2013-2022.pdf,WRI,,755.35,,,,2580.275082
ECU,,Ecuador,Esmeraldas II,WRI1022989,96,0.9349,-79.6914,Oil,,,,2014,CELEC EP,Ministerio de Electricidad y Energia Renovable,http://www.energia.gob.ec/esmeraldas/,WRI,,,,,,1869.482324
ECU,,Ecuador,Gonzalo Zevallos,WRI1018606,146,2.1957,-79.9539,Gas,,,,1978,Electroguayas,Agencia de Regulacion y Control de Electricidad,http://www.regulacionelectrica.gob.ec/wp-content/uploads/downloads/2015/12/vol1-Resumen-Ejecutivo-PME-2013-2022.pdf,WRI,,687,,,,1000.376083
ECU,,Ecuador,Gualberto Hernandez,WRI1018607,34.32,-0.2299,-78.525,Oil,,,,,EEQ SA,Agencia de Regulacion y Control de Electricidad,http://www.regulacionelectrica.gob.ec/wp-content/uploads/downloads/2015/12/vol1-Resumen-Ejecutivo-PME-2013-2022.pdf,CARMA,,142.15,,,,668.3399307
ECU,,Ecuador,Guangopolo,WRI1018608,20.92,-0.25,-78.45,Hydro,,,,,E.E. Quito,Agencia de Regulacion y Control de Electricidad,http://www.regulacionelectrica.gob.ec/wp-content/uploads/downloads/2015/12/vol1-Resumen-Ejecutivo-PME-2013-2022.pdf,CARMA,,86.4,,,,73.65635832
ECU,,Ecuador,Manduriacu,WRI1022990,65,#NAME?,-78.9122,Hydro,,,,2015,,Ministerio de Electricidad y Energia Renovable,http://www.energia.gob.ec/manduriacu/,WRI,,,,,,228.8557978
ECU,,Ecuador,Miraflores,WRI1018615,52.3,0.0333,-78.15,Oil,,,,,Termoesmeraldas,Agencia de Regulacion y Control de Electricidad,http://www.regulacionelectrica.gob.ec/wp-content/uploads/downloads/2015/12/vol1-Resumen-Ejecutivo-PME-2013-2022.pdf,CARMA,,58,,,,1018.478391
ECU,,Ecuador,Paute,WRI1018618,1100,-2.595,-78.2274,Hydro,,,,,CELEC EP,Agencia de Regulacion y Control de Electricidad,http://www.regulacionelectrica.gob.ec/wp-content/uploads/downloads/2015/12/vol1-Resumen-Ejecutivo-PME-2013-2022.pdf,WRI,,5856,,,,3872.944271
ECU,,Ecuador,Santa Rosa,WRI1018624,51.3,-0.3667,-78.55,Gas,,,,,Termopichincha,Agencia de Regulacion y Control de Electricidad,http://www.regulacionelectrica.gob.ec/wp-content/uploads/downloads/2015/12/vol1-Resumen-Ejecutivo-PME-2013-2022.pdf,CARMA,,17.9,,,,351.5020072
ECU,,Ecuador,Saucay,WRI1018625,24,-2.7833,-79,Hydro,,,,,Elecaustro,Agencia de Regulacion y Control de Electricidad,http://www.regulacionelectrica.gob.ec/wp-content/uploads/downloads/2015/12/vol1-Resumen-Ejecutivo-PME-2013-2022.pdf,CARMA,,141.42,,,,84.50060228
ECU,,Ecuador,Saymirin,WRI1018626,14.4,-2.8167,-79,Hydro,,,,,Elecaustro,Agencia de Regulacion y Control de Electricidad,http://www.regulacionelectrica.gob.ec/wp-content/uploads/downloads/2015/12/vol1-Resumen-Ejecutivo-PME-2013-2022.pdf,CARMA,,96.26,,,,50.70036137
ECU,,Ecuador,Sibimbe,WRI1018627,15,-1.5833,-79.4333,Hydro,,,,,Hidrosibimbe,Agencia de Regulacion y Control de Electricidad,http://www.regulacionelectrica.gob.ec/wp-content/uploads/downloads/2015/12/vol1-Resumen-Ejecutivo-PME-2013-2022.pdf,CARMA,,89.25,,,,52.81287642
ECU,,Ecuador,Sopladora II,WRI1022992,487,-2.5938,-78.5666,Hydro,,,,,CELEC EP,Ministerio de Electricidad y Energia Renovable,http://www.energia.gob.ec/sopladora/,WRI,,2800,,,,1714.658055
IND,India,SANGLI MIRAJ BIOMASS,WRI1019982,10,16.9171,74.4821,Biomass,,,,,Sinewave Pvt ltd,Sinewave Pvt ltd,https://cdm.unfccc.int/Projects/redirector?ref=4063,WRI,,,,,,238.303,
,IND,India,SANGLI VASANTDADA,WRI1019983,12.5,16.881,74.5898,Biomass,,,,,Vasantdada Ssk ltd,Vasantdada Ssk ltd,http://viainfotech.biz/Biomass/theme5/document/green_market/REC-project-list.pdf,WRI,,,,,,297.8789147
,IND,India,SANJAY BHABA,IND0000391,120,31.2642,78.4835,Hydro,,,,1989,,Central Electricity Authority,http://www.cea.nic.in/,WRI,2016,533.7976,542.36455,0,,
,IND,India,SANJAY GANDHI,IND0000392,1340,23.3026,81.0668,Coal,Oil,,,2000,,Central Electricity Authority,http://www.cea.nic.in/,WRI,2016,7307.679,6229.793,6483.941,,
,IND,India,SANKESHWAR MILL,WRI1019933,26,16.2478,74.5003,Biomass,,,,,Shri Hiranyakeshi ssk,Shri Hiranyakeshi ssk,http://www.belgaum.nic.in/english/Heerasugarfactory.html,WRI,,,,,,619.5881427
,IND,India,SANTALDIH,IND0000393,500,23.6013,86.4666,Coal,Oil,,,2009,,Central Electricity Authority,http://www.cea.nic.in/,WRI,2016,2463.44,3125.74,3378.12,,
,IND,India,SARKARPATHY,IND0000394,30,10.4558,76.8302,Hydro,,,,1966,,Central Electricity Authority,http://www.cea.nic.in/,WRI,2016,137.30005,133.5688,78.8836,,
,IND,India,SASAN UMPP,IND0000395,3960,23.9784,82.6275,Coal,Oil,,,2013,,Central Electricity Authority,http://www.cea.nic.in/,WRI,2016,2747.91825,15069,29342,,
,IND,India,SATNA CEMENT PLANT,WRI1020009,29,24.5959,80.858,Coal,,,,,Birla Corp ltd,Birla Corp ltd,http://www.birlacorporation.com/,WRI,,,,,,378.6501813
,IND,India,SATPURA,IND0000396,1330,22.11,78.173,Coal,Oil,,,1993,,Central Electricity Authority,http://www.cea.nic.in/,WRI,2016,4191.364,5532.937,4959.34,,
,IND,India,SBT SUGAR,WRI1019984,16,19.6125,74.1924,Biomass,,,,,Sahakarmaharshi Bhausaheb thor,Sahakarmaharshi Bhausaheb thor,http://www.thoratsugar.com/,WRI,,,,,,381.2850109
,IND,India,SEIONI TPP,IND0000397,600,22.7355,79.9123,Coal,Oil,,,2016,,Central Electricity Authority,http://www.cea.nic.in/,WRI,2016,,,3.7026,,7834.141681
,IND,India,SUGEN CCCP,IND0000428,1147.5,21.3395,72.9889,Gas,,,,2008,,Central Electricity Authority,http://www.cea.nic.in/,WRI,2016,2230,2519,3516.449,,
,IND,India,SURAT LIG.,IND0000430,500,21.397,73.106,Coal,Oil,,,2004,,Central Electricity Authority,http://www.cea.nic.in/,WRI,2016,2617.033,2866.784,2697.969,,
,IND,India,SURATGARH,IND0000431,1500,29.179,74.0202,Coal,Oil,,,2002,,Central Electricity Authority,http://www.cea.nic.in/,WRI,2016,8556.424,9155.18,5282,,
,IND,India,SURULIYAR,IND0000432,35,9.62,77.2726,Hydro,,,,1978,,Central Electricity Authority,http://www.cea.nic.in/,WRI,2016,99.94775,102.91285,92.0375,,
,IND,India,SURYA,IND0000433,6,19.9214,73.0575,Hydro,,,,1998,,Central Electricity Authority,http://www.cea.nic.in/,WRI,2016,,,,,9.515404868
,IND,India,SVPL,IND0000434,63,22.2915,82.5257,Coal,Oil,,,2011,,Central Electricity Authority,http://www.cea.nic.in/,WRI,2016,0,0,51.9464,,
,IND,India,SWASTIK KORBA,IND0000435,25,22.3005,82.7047,Coal,Oil,,,2015,,Central Electricity Authority,http://www.cea.nic.in/,WRI,2016,,0,0,,
,IND,India,SWPPL Madhavakurichi,WRI1026771,10.5,8.823,77.6271,Wind,,,,,SWPPL,CDM,https://cdm.unfccc.int/Projects/DB/BVQI1351312018.91/view,WRI,,,,,,106.9677694
,IND,India,SWPPL Manurpalayam,WRI1026773,21,10.8166,77.3199,Wind,,,,,SWPPL,CDM,https://cdm.unfccc.int/Projects/DB/BVQI1351312018.91/view,WRI,,,,,,213.9355387
,IND,India,SWPPL Vadakkupanavadali,WRI1026772,10.5,9.0782,77.591,Wind,,,,,SWPPL,CDM,https://cdm.unfccc.int/Projects/DB/BVQI1351312018.91/view,WRI,,,,,,106.9677694
,IND,India,Sadeipali - ASPL Solar Power Plant,WRI1026200,5,20.731,83.4538,Solar,,,,,Aftaab Solar Private Limited (ASPL),Aftaab Solar Private Limited (ASPL),http://www.cdmindia.gov.in/project_details_view.php?id=1511,Industry About,,,,,,9.703498715
,IND,India,Sadeipali - REHPL Solar Power Plant,WRI1026201,1,20.7325,83.4632,Solar,,,,,Raajratna Energy Holdings Private Limited (REHPL),Raajratna Energy Holdings Private Limited (REHPL),http://rehpl.co.in,Industry About,,,,,,1.940699743
,IND,India,Sai Sulphonates Wind Mill,WRI1026657,1.5,10.9262,77.3841,Wind,,,,,Sai Sulphonates,CDM,https://cdm.unfccc.int/Projects/DB/DNV-CUK1318484242.75/view,WRI,,,,,,15.28110991
,IND,India,Sakri 1A Solar Power Plant,WRI1026202,100,21.0726,74.3862,Solar,,,,,Maharashtra State Power Generation Co Ltd (MAHAGENCO),Maharashtra State Power Generation Co Ltd (MAHAGENCO),http://mahagenco.in,Industry About,,,,,,194.0699743
,IND,India,Sakri 1B Solar Power Plant,WRI1026203,25,21.0864,74.3529,Solar,,,,,Maharashtra State Power Generation Co Ltd (MAHAGENCO),Maharashtra State Power Generation Co Ltd (MAHAGENCO),http://mahagenco.in,Industry About,,,,,,48.51749358
,IND,India,Sangatpura Solar Power Plant,WRI1026204,10,29.9611,75.7767,Solar,,,,,Omega Solar Projects Private Limited,Lancosola,http://www.lancosolar.com,Industry About,,,,,,19.40699743
,IND,India,Satara Wind Farm,WRI1026076,100,17.2387,73.9096,Wind,,,,,,CDM,https://cdm.unfccc.int/filestorage/0/5/A/05AYCZFT4LWMHD216PU9SV7XO8BENR/PDD%20Version%201.2?t=U2Z8b2picWJsfDAiEl4MxIcSh1urnyFbvIy_,WRI,,,,,,1018.740661
,IND,India,Shiloj Solar Power Plant,WRI1026205,10,20.8183,71.0063,Solar,,,,,Mono Steel (India) Ltd,Mono Steel (India) Ltd,http://www.monosteel.in,Industry About,,,,,,19.40699743
,IND,India,Shirsoli Solar Power Plant,WRI1026206,8.5,17.4999,75.781,Solar,,,,,Jain Solar,Jain Solar,http://www.jains.com/Solar/Renewable%20energy.htm,Industry About,,,,,,16.49594782
,IND,India,Shivasamundra Solar Power Plant,WRI1026207,5,12.3003,77.1638,Solar,,,,,Karnataka Power Corporation Limited,Karnataka Power Corporation Limited,http://karnatakapower.com,Industry About,,,,,,9.703498715
,IND,India,Shivlakha - Backbone Solar Power Plant,WRI1026208,5,23.3585,70.6206,Solar,,,,,Backbone Enterprises Limited,Backbone Enterprises Limited,http://www.backboneworld.com,Industry About,,,,,,9.703498715
,IND,India,Shivlakha - CPEC Solar Power Plant,WRI1026209,5,23.383,70.6146,Solar,,,,,S J Green Park Energy Private Limited,S J Green Park Energy Private Limited,http://www.madhavgrp.co.in/SJ_solar.html,Industry About,,,,,,9.703498715
,IND,India,Shivlakha - Konark Solar Power Plant,WRI1026210,5,23.3654,70.6268,Solar,,,,,Konark Gujarat Private Limited,Konark Gujarat Private Limited,http://www.konarkgroup.co.in,Industry About,,,,,,9.703498715
,IND,India,Shree Nashik Wind Farm,WRI1026786,10.5,19.845,73.9074,Wind,,,,,Shree Naman Developers Ltd.,CDM,https://cdm.unfccc.int/filestorage/D/O/R/DORZF791H8K4NWACPQ5IMTUYLG2VXE/CDM_PDD_v6.pdf?t=WGN8b2sxbDRnfDDF8h6MT3w9DKjkxFa903Mt,WRI,,,,,,106.9677694
,IND,India,Shree Sangli Wind Farm,WRI1026785,16.5,17.3031,74.631,Wind,,,,,Shree Naman Developers Ltd.,CDM,https://cdm.unfccc.int/filestorage/D/O/R/DORZF791H8K4NWACPQ5IMTUYLG2VXE/CDM_PDD_v6.pdf?t=WGN8b2sxbDRnfDDF8h6MT3w9DKjkxFa903Mt,WRI,,,,,,168.092209
,IND,India,Shree Southern Wind Farm,WRI1026784,2.25,17.5724,74.3386,Wind,,,,,Shree Naman Developers Ltd.,CDM,https://cdm.unfccc.int/filestorage/D/O/R/DORZF791H8K4NWACPQ5IMTUYLG2VXE/CDM_PDD_v6.pdf?t=WGN8b2sxbDRnfDDF8h6MT3w9DKjkxFa903Mt,WRI,,,,,,22.92166486
,IND,India,Shri Singaji MALWA TPP,IND0000410,1200,22.0971,76.5317,Coal,Oil,,,2013,,Central Electricity Authority,http://www.cea.nic.in/,WRI,2016,196.23,1584.581,3960.584,,
,IND,India,Singrauli Solar Power Plant,WRI1026211,15,24.1185,82.6415,Solar,,,,,Government of India,National Thermal Power Corporation (NTPC),http://www.ntpc.co.in,Industry About,,,,,,29.11049615
,IND,India,Sivaganga Solar Power Plant,WRI1026212,5,9.8043,78.4487,Solar,,,,,Moser Baer Clean Energy Limited (MBCEL),Moser Baer Clean Energy Limited (MBCEL),http://www.moserbaerprojects.com,Industry About,,,,,,9.703498715
,IND,India,Solitaire Solar Power Plant,WRI1026213,15,23.9116,71.9324,Solar,,,,,Solitaire Energies Pvt Ltd,Moser Baer Clean Energy Limited (MBCEL),http://www.moserbaersolar.com,Industry About,,,,,,29.11049615
,IND,India,Sonu Wind Farm,WRI1026764,8.4,27.2081,70.6958,Wind,,,,,Centaur Mercantile Pvt. Ltd.,CDM,https://cdm.unfccc.int/Projects/DB/LRQA%20Ltd1321971513.67/view,WRI,,,,,,85.57421548
,IND,India,Sumilon Shikarpur Wind Farm,WRI1026762,3.6,23.2414,70.7262,Wind,,,,,Sumilon Industries Limited,CDM,https://cdm.unfccc.int/Projects/DB/KBS_Cert1356901324.44/view,WRI,,,,,,36.67466378
,IND,India,Sumilon Vershamedi Wind Farm,WRI1026763,3.6,22.972,70.5443,Wind,,,,,Sumilon Industries Limited,CDM,https://cdm.unfccc.int/Projects/DB/KBS_Cert1356901324.44/view,WRI,,,,,,36.67466378
,IND,India,Supe Solar Power Plant,WRI1026214,2,18.3198,74.3686,Solar,,,,,Clover Solar Private Limited (CSPL),Clover Solar Private Limited (CSPL),http://www.cloversolar.com,Industry About,,,,,,3.881399486
,IND,India,Surajbari Creek Wind Farm,WRI1026087,30,23.3232,70.6417,Wind,,,,,,CDM,https://cdm.unfccc.int/filestorage/M/7/A/M7ACU21YQXKW5HF8R03TPIJZENO4B9/PDD_30MW_Gujarat_MSPL%20Limited_rev.pdf?t=NlZ8b2pkZ2FofDBI3_hXb8zCdgFEZVKDwM4F,WRI,,,,,,305.6221982
,IND,India,T.B. DAM,IND0000436,36,15.2615,76.3379,Hydro,,,,1960,,Central Electricity Authority,http://www.cea.nic.in/,WRI,2016,80.66465,181.687,120.3353,,
,IND,India,TADALI,WRI1020016,600,20.0116,79.2036,Coal,,,,,Dhariwal Pvt ltd,Dhariwal Pvt ltd,http://cescnewinitiatives.com/contents/view/DHARIWALINFRASTRUCTURELIMITED/T,WRI,,,,,,7834.141681
,IND,India,TADALI SPONGE IRON,WRI1019988,33,20.0123,79.1863,Coal,,,,,Mukesh Gupta group,Mukesh Gupta group,http://sanvijay.com/gil.html,WRI,,,,,,430.8777925
,IND,India,TALCHER,IND0000438,460,20.9099,85.2072,Coal,Oil,,,1974,,Central Electricity Authority,http://www.cea.nic.in/,WRI,2016,3424.49,3382,3362,,
,IND,India,TALCHER STPS,IND0000439,3000,21.0966,85.074,Coal,Oil,,,2001,,Central Electricity Authority,http://www.cea.nic.in/,WRI,2016,20347,22215,22480,,
,IND,India,TALWANDI SABO,IND0000440,1980,29.924,75.2372,Coal,Oil,,,2015,,Central Electricity Authority,http://www.cea.nic.in/,WRI,2016,,1423.7245,2850.99,,
,IND,India,TAMNAR TPP,IND0000441,2400,22.0987,83.4513,Coal,Oil,,,2014,,Central Electricity Authority,http://www.cea.nic.in/,WRI,2016,92.44,2321.6,4101.53,,
,IND,India,TANAKPUR,IND0000442,94.2,29.0057,80.0946,Hydro,,,,1992,,Central Electricity Authority,http://www.cea.nic.in/,WRI,2016,382.2591,444.47645,450.0982,,
,IND,India,TANDA,IND0000443,440,26.586,82.602,Coal,Oil,,,1991,,Central Electricity Authority,http://www.cea.nic.in/,WRI,2016,3152,2790,2757,,
,IND,India,TANIR BAVI,IND0000444,220,12.9019,74.816,Gas,,,,2001,,Central Electricity Authority,http://www.cea.nic.in/,WRI,2016,0,0,0,,
,IND,India,TARAPUR,IND0000445,1400,19.8294,72.6617,Nuclear,,,,1996,,Central Electricity Authority,http://www.cea.nic.in/,WRI,2016,8965.595,9335,9453,,
,IND,India,TAWA,IND0000446,13.5,22.5616,77.9635,Hydro,,,,2002,,Central Electricity Authority,http://www.cea.nic.in/,WRI,2016,,,,,21.40966095
,IND,India,TEESTA  I-III,IND0000447,67.5,26.4875,88.3155,Hydro,,,,1998,,Central Electricity Authority,http://www.cea.nic.in/,WRI,2016,0,142.53773,79.62985,,
,IND,India,TEESTA -V,IND0000450,510,27.2517,88.4604,Hydro,,,,2008,,Central Electricity Authority,http://www.cea.nic.in/,WRI,2016,2287.9627,2573.81625,2696.6092,,
,IND,India,TEESTA LOW DAM -IV,IND0000449,80,26.9279,88.4562,Hydro,,,,2016,,Central Electricity Authority,http://www.cea.nic.in/,WRI,2016,,,18.67615,,126.8720649
,IND,India,TEESTA LOW DAM-III,IND0000448,132,27.0017,88.443,Hydro,,,,2013,,Central Electricity Authority,http://www.cea.nic.in/,WRI,2016,186.01525,392.21905,512.2857,,
,IND,India,TEHRI ST -1,IND0000451,1000,30.3787,78.4795,Hydro,,,,2006,,Central Electricity Authority,http://www.cea.nic.in/,WRI,2016,4040.12785,3008.43225,3085.495,,
,IND,India,TENUGHAT,IND0000452,420,23.7573,85.8936,Coal,Oil,,,1995,,Central Electricity Authority,http://www.cea.nic.in/,WRI,2016,1999.51,2100.03,2318.186,,
,IND,India,THAL WORKS,WRI1019989,30,18.7026,72.8709,Gas,,,,,Rashtriya & fert,Rashtriya & fert,http://www.rcfltd.com/,WRI,,,,,,487.4011011
,IND,India,THAMMINAPATNAM TPP,IND0000453,300,14.2133,80.0838,Coal,Oil,,,2012,,Central Electricity Authority,http://www.cea.nic.in/,WRI,2016,1264.99,1380.61,1518.87,,
,IND,India,THANE PLANT,WRI1019990,22.5,19.0875,73.0258,Oil,,,,,Nocil Nocil rubber,Nocil Nocil rubber,http://www.nocil.com/,WRI,,,,,,893.8187922
,IND,India,THIROT,IND0000454,4.5,32.659,76.7817,Hydro,,,,1995,,Central Electricity Authority,http://www.cea.nic.in/,WRI,2016,,,,,7.136553651
,IND,India,TILLARI,IND0000455,60,15.8094,74.1588,Hydro,,,,1986,,Central Electricity Authority,http://www.cea.nic.in/,WRI,2016,116.0966,113.2907,43.9392,,
,IND,India,TILLAYA,IND0000456,4,24.3249,85.5198,Hydro,,,,1953,,Central Electricity Authority,http://www.cea.nic.in/,WRI,2016,,,,,6.343603245
,IND,India,TIRORA TPP,IND0000457,3300,21.4129,79.9671,Coal,Oil,,,2013,,Central Electricity Authority,http://www.cea.nic.in/,WRI,2016,9615.35,15501,18964,,
,IND,India,TITAGARH,IND0000458,240,22.7318,88.371,Coal,Oil,,,1983,,Central Electricity Authority,http://www.cea.nic.in/,WRI,2016,1629.46,1542.27,601.39,,
,IND,India,TORANGALLU EXT,IND0000459,600,15.1839,76.6622,Coal,Oil,,,2009,,Central Electricity Authority,http://www.cea.nic.in/,WRI,2016,4564.45,4735.13,4229.98,,
,IND,India,TORANGALLU IMP,IND0000460,260,15.1839,76.6622,Cogeneration,Coal,Oil,,1999,,Central Electricity Authority,http://www.cea.nic.in/,WRI,2016,2028.78,2074.31,2029.2,,
,IND,India,TORR POWER SAB.,IND0000461,422,23.0701,72.5933,Coal,Oil,,,1985,,Central Electricity Authority,http://www.cea.nic.in/,WRI,2016,2465.53,2720,2189,,
,IND,India,TROMBAY,IND0000462,500,19.0004,72.8983,Oil,Gas,,,1990,,Central Electricity Authority,http://www.cea.nic.in/,WRI,2016,453.68,770.18,15,,
,IND,India,TROMBAY GT,IND0000463,180,19.0018,72.8967,Gas,,,,1993,,Central Electricity Authority,http://www.cea.nic.in/,WRI,2016,1241.6,1119.27,1149,,
,IND,India,TROMBAY WORKS,WRI1019991,18,19.0366,72.8892,Gas,,,,,Rashtriya & fert,Rashtriya & fert,http://documents.worldbank.org/curated/en/442061468041961880/pdf/multi-page.pdf,WRI,,,,,,292.4406607
,IND,India,TROMBAY_Coal,IND0000464,750,19.0004,72.8983,Coal,Oil,,,1992,,Central Electricity Authority,http://www.cea.nic.in/,WRI,2016,5004,3797,5064,,
,IND,India,TROMBAY_Oil,IND0000465,150,19.0004,72.8983,Oil,Gas,,,1965,,Central Electricity Authority,http://www.cea.nic.in/,WRI,2016,0,0,0,,
,IND,India,TUNGABHADRA SUGAR,WRI1019935,28,15.6609,76.8756,Biomass,,,,,Nsl Sugars ltd,Nsl Sugars ltd,http://www.nslsugars.com/,WRI,,,,,,667.248769
,IND,India,TUTICORIN,IND0000466,1050,8.7635,78.1753,Coal,Oil,,,1984,,Central Electricity Authority,http://www.cea.nic.in/,WRI,2016,7252.617,7043.329,6501.373,,
,IND,India,TUTICORIN JV,IND0000468,1000,8.7603,78.1699,Coal,Oil,,,2015,,Central Electricity Authority,http://www.cea.nic.in/,WRI,2016,,6.34865,3502.11,,
,IND,India,TUTICORIN- IND BARATH,IND0000467,300,8.7635,78.1753,Coal,Oil,,,2013,,Central Electricity Authority,http://www.cea.nic.in/,WRI,2016,782.209087,1262.6,728.364,,
,IND,India,TVS Kunnur Wind Farm,WRI1026758,9.35,9.9438,77.5077,Wind,,,,,TVS Energy limited,CDM,https://cdm.unfccc.int/Projects/DB/BVQI1331114727.08/view,WRI,,,,,,95.25225176
,IND,India,TVS Tirunelveli Wind Farm,WRI1026774,14.4,8.9165,77.659,Wind,,,,,TVS Energy Limited,CDM,https://cdm.unfccc.int/Projects/DB/BVQI1336676184.92/view,WRI,,,,,,146.6986551
,IND,India,TVS Virali Wind Farm,WRI1026767,25.5,17.501,74.7001,Wind,,,,,TVS Energy Limited,CDM,https://cdm.unfccc.int/Projects/DB/DNV-CUK1354626555.71/view,WRI,,,,,,260
,IND,India,Tadas wind farm,WRI1026660,100,15.1069,75.1661,Wind,,,,,Tadas Wind Energy Private Limited,CDM,https://cdm.unfccc.int/Projects/DB/RINA1356126148.87/view,WRI,,,,,,1019
,IND,India,Talcher Kaniha Solar Power Plant,WRI1026215,10,21.0866,85.0987,Solar,,,,,National Thermal Power Corporation (NTPC),National Thermal Power Corporation (NTPC),http://www.ntpc.co.in,Industry About,,,,,,19
,IND,India,Tata Power Gadag Plains Wind Farm,WRI1026787,50.4,15.3302,75.5767,Wind,,,,,Tata Power,CDM,https://cdm.unfccc.int/Projects/DB/RWTUV1352368180.64/view,WRI,,,,,,513
,IND,India,Tata Wind Farm,WRI1026078,50.4,19.1757,74.8441,Wind,,,,,,CDM,https://cdm.unfccc.int/filestorage/i/o/Z9N7VXYJ5LIE8WRQM1SB3H4FDA6U2K.pdf/PDD%20with%20revised%20MP%20(ver%2010.0)(Clean%20mode).pdf?t=Qmt8b2picnBrfDBPz_lFTjdrigpAyplKqoQb,WRI,,,,,,513
,IND,India,Teona Pujarian Solar Power Plant,WRI1026217,22,27.4137,72.1577,Solar,,,,,Welspun Solar Punjab Private Limited,Welspun Solar Punjab Private Limited,http://www.welspunrenewables.com,Industry About,,,,,,43
,IND,India,Theni Wind Farm,WRI1026654,24,9.9621,77.3709,Wind,,,,,Green Infra Wind Power Projects Limited,CDM,https://cdm.unfccc.int/Projects/DB/SGS-UKL1374760004.52/view,WRI,,,,,,244
,IND,India,Thimmapuram Wind Farm,WRI1026659,200,14.7053,77.3355,Wind,,,,,Rayala Wind Power Company Private Limited,CDM,https://cdm.unfccc.int/Projects/DB/DNV-CUK1351859167.83/view,WRI,,,,,,2037
,IND,India,Tinwari - MB Solar Power Plant,WRI1026218,5,26.5182,72.8536,Solar,,,,,Moser Baer Solar Limited (MBSL),Moser Baer Solar Limited (MBSL),http://www.moserbaersolar.com,Industry About,,,,,,10
,IND,India,Tiruppur,WRI1026098,1.5,10.8139,77.3785,Wind,,,,,,CDM,https://cdm.unfccc.int/Projects/DB/PJR%20CDM1355461708.47/view,WRI,,,,,,15.28110991
IND,,India,UMTRU,IND0000478,11.2,26.0069,91.8114,Hydro,,,,1957,,Central Electricity Authority,http://www.cea.nic.in/,WRI,2016,,,,,17.76208909
IND,,India,UNO SUGEN,IND0000480,382.5,21.3411,72.9895,Gas,,,,2012,,Central Electricity Authority,http://www.cea.nic.in/,WRI,2016,,,834.058,,6214.364039
IND,,India,UPL Dharapuram Wind Farm,WRI1026759,1.7,10.838,77.5123,Wind,,,,,UPL,CDM,https://cdm.unfccc.int/Projects/DB/RWTUV1351718801.6/view,WRI,,,,,,17.31859123
IND,,India,URAN ONGC,WRI1019992,62.6,18.8681,72.9293,Gas,,,,,Ongc Gas corp,Ongc Gas corp,http://www.ongcindia.com/,WRI,,,,,,1017.043631
IND,,India,URUMI,IND0000488,3.75,11.3727,76.0584,Hydro,,,,2004,,Central Electricity Authority,http://www.cea.nic.in/,WRI,2016,,,,,5.947128042
IND,,India,Udumalpet Wind Farm,WRI1026066,25.7,10.6143,77.237,Wind,,,,,,CDM,https://cdm.unfccc.int/Projects/DB/DNV-CUK1174563974.61/view,WRI,,,,,,261.8163498
IND,,India,VAIGAI DAM,IND0000492,13.5,10.0537,77.5905,Hydro,,,,1995,,Central Electricity Authority,http://www.cea.nic.in/,WRI,2016,,,,,21.40966095
IND,,India,VARDHAM BUDNI,WRI1020010,25.8,22.7808,77.6515,Coal,,,,,Vardham Vardham group,Vardham Vardham group,https://www.vardhman.com/,WRI,,,,,,336.8680923
IND,,India,VARDHAM SATLAPUR,WRI1020011,30.75,23.0752,77.5526,Coal,,,,,Vardham Vardham group,Vardham Vardham group,https://www.vardhman.com/,WRI,,,,,,401.4997612
IND,,India,VASAVADATTA CEMENT,WRI1019936,50.7,17.1605,77.293,Coal,,,,,Kesoram Industries ltd,Kesoram Industries ltd,https://www.kesocorp.com/,WRI,,,,,,661.9849721
ITA,,Italy,ENTRACQUE_CHRO,WRI1002882,1064,44.2256,7.3842,Hydro,,,,,,TERNA,http://www.terna.it/en-gb/sistemaelettrico/transparencyreport/generation/installedgenerationcapacity.aspx,GEODB,,,,508.6,,4790.161519
ITA,,Italy,Erika Solar Power Plant,WRI1026402,18.4,37.6892,12.7234,Solar,,,,,,Gestamp Solar,http://www.gestampsolar.com/es/negocio/proyectos-de-investigacion/erika,Industry About,,,,,,950.9729141
ITA,,Italy,FADALTO,WRI1002883,210,45.9767,12.3033,Hydro,,,,,,TERNA,http://www.terna.it/en-gb/sistemaelettrico/transparencyreport/generation/installedgenerationcapacity.aspx,CARMA,,,,257,,945.4266156
ITA,,Italy,FARINELLO,WRI1021364,54,43.2388,10.9047,Geothermal,,,,1995,,ENTSOE,https://transparency.entsoe.eu/generation/r2/installedCapacityPerProductionUnit/show,WRI,,,,,,372.7701284
ITA,,Italy,FUSINA T.,WRI1002885,871,45.4314,12.2468,Coal,,,,,,ENEL,https://www.enel.it/it-it/documents/azienda/ambiente/dichiarazioni_ambientali/fusina_da2007_2008.pdf,GEODB,,,,5840.5,,4775.769476
ITA,,Italy,Flume Santo,WRI1002884,640,40.8461,8.3068,Coal,,,,,EP Produzione,Association of Carbon Italy,https://web.archive.org/web/20140409012424/http://www.eon-italia.com/en/business/generation/power-plants/fiume-santo.html,GEODB,,,,2306,,3509.176193
ITA,,Italy,Foggia - X-Helio Solar Power Plant,WRI1026403,1,41.482,15.6087,Solar,,,,,,X-elio,http://www.x-elio.com,Industry About,,,,,,51.68331055
ITA,,Italy,Fossano Solar Power Plant,WRI1026404,5,44.5725,7.7693,Solar,,,,,Enel Green Power SpA,OPDE,http://www.opde.net/en/projects/,Industry About,,,,,,258.4165527
ITA,,Italy,GALLETO,WRI1002886,295,42.5427,12.7208,Hydro,,,,,,TERNA,http://www.terna.it/en-gb/sistemaelettrico/transparencyreport/generation/installedgenerationcapacity.aspx,WRI,,,,731,,1328.099293
ITA,,Italy,GARGNANO,WRI1002888,137.2,45.6891,10.6609,Hydro,,,,,,TERNA,http://www.terna.it/en-gb/sistemaelettrico/transparencyreport/generation/installedgenerationcapacity.aspx,CARMA,,,,270,,617.6787222
ITA,,Italy,GIRIFALCO,WRI1021841,14,40.48,16.8005,Solar,,,,,,ENTSOE,https://transparency.entsoe.eu/generation/r2/installedCapacityPerProductionUnit/show,Industry About,,,,,,723.5663477
ITA,,Italy,GISSI,WRI1002890,840,42.0502,14.5639,Gas,,,,2004,A2A,A2A,http://www.a2a.eu/en/plants_networks/thermoelectric/gissi/,GEODB,,,,642.3,,2039.24694
ITA,,Italy,GROSIO,WRI1002891,655,46.286,10.2653,Hydro,,,,,,TERNA,http://www.terna.it/en-gb/sistemaelettrico/transparencyreport/generation/installedgenerationcapacity.aspx,WRI,,,,1381,,2948.830634
ITA,,Italy,GUADALAMI C.LE,WRI1021309,80,37.9544,13.2808,Hydro,,,,,,ENTSOE,https://transparency.entsoe.eu/generation/r2/installedCapacityPerProductionUnit/show,WRI,,,,,,360.1625202
ITA,,Italy,Genuini Solar Power Plant,WRI1026405,1,40.0983,18.145,Solar,,,,,Gestamp Asetym Solar,9ren,http://www.9ren.it/en/about-us/where-we-operate/our-plants/item/183-genuini-eng,Industry About,,,,,,51.68331055
ITA,,Italy,Giarratana Solar Power Plant,WRI1026406,2,37.0698,14.7895,Solar,,,,,Sunparking Pesaro Srl,Martifer Solar,http://www.martifersolar.com/powering.php,Industry About,,,,,,103.3666211
ITA,,Italy,Guagnano Solar Power Plant,WRI1026407,2,40.4137,17.8847,Solar,,,,,,Immpex,http://www.immpex.de/projektdatenblatt/solar-italy/?L=1,Industry About,,,,,,103.3666211
ITA,,Italy,ISAB ENERGY,WRI1002894,521,37.1399,15.2158,Gas,,,,1998,,Siemens,http://www.energy.siemens.com/br/en/fossil-power-generation/power-plants/integrated-gasification-combined-cycle/integrated-gasification-combined-cycle.htm#content=References,GEODB,,,,2602,,1264.818638
ITA,,Italy,ISOLA SERAFINI,WRI1021316,76,45.0911,9.9052,Hydro,,,,,,ENTSOE,https://transparency.entsoe.eu/generation/r2/installedCapacityPerProductionUnit/show,WRI,,,,,,342.1543942
ITA,,Italy,ISOLATO SPLUGA,WRI1002895,117.6,46.4394,9.3595,Hydro,,,,,,TERNA,http://www.terna.it/en-gb/sistemaelettrico/transparencyreport/generation/installedgenerationcapacity.aspx,CARMA,,,,205,,529.4389047
ITA,,Italy,Iglesias Solar Power Plant,WRI1026408,2,39.295,8.5833,Solar,,,,,Solar Asset Management,GP Joule,http://www.gp-joule.eu/activities/projects/,Industry About,,,,,,103.3666211
ITA,,Italy,JESI,WRI1002896,140,43.5537,13.285,Gas,,,,2001,Edison,Edison,http://www.edison.it/media/EMAS-GETE1-jesi2005.pdf,GEODB,,,,0,,339.8744901
ITA,,Italy,LAGONI ROSSI,WRI1021666,20,43.1666,10.7847,Geothermal,,,,1981,,ENTSOE,https://transparency.entsoe.eu/generation/r2/installedCapacityPerProductionUnit/show,WRI,,,,,,138.0630105
ITA,,Italy,LAMARMORA,WRI1002898,116.7,45.5248,10.2273,Oil,,,,,,A2A,http://www.a2a.eu/en/plants_networks/cogeneration/lamarmora.html,CARMA,,,,409,,187.2101329
ITA,,Italy,LANA,WRI1002901,120,46.6124,11.1559,Hydro,,,,,,TERNA,http://www.terna.it/en-gb/sistemaelettrico/transparencyreport/generation/installedgenerationcapacity.aspx,CARMA,,,,167,,540.2437803
ITA,,Italy,LANZADA,WRI1002902,188,46.2693,9.8692,Hydro,,,,,,TERNA,http://www.terna.it/en-gb/sistemaelettrico/transparencyreport/generation/installedgenerationcapacity.aspx,CARMA,,,,365,,846.3819225
ITA,,Italy,LARINO TG,WRI1002903,250,41.8055,14.9193,Gas,,,,1992,ENEL,ENEL,https://www.futur-e.enel.it/cs/Satellite?blobcol=urldata&blobheader=application%2Fpdf&blobheadername1=Content-Disposition&blobheadername2=MDT-Type&blobheadervalue1=inline%3B+filename%3Dlarino-eng.pdf&blobheadervalue2=abinary%3B+charset%3DUTF-8&blobkey=id&blobtable=MungoBlobs&blobwhere=1445864757512&ssbinary=true,CARMA,,,,1,,606.9187322
ITA,,Italy,LE PRATA,WRI1021663,20,43.1962,10.8323,Geothermal,,,,1996,,ENTSOE,https://transparency.entsoe.eu/generation/r2/installedCapacityPerProductionUnit/show,WRI,,,,,,138.0630105
ITA,,Italy,LEINI,WRI1002904,379.5,45.163,7.7505,Gas,,,,2007,,Ansaldo Energia,http://ansaldoenergia.it/easyUp/file/pgs.pdf,GEODB,,,,1737,,921.3026356
ITA,,Italy,LEVANTE,WRI1002905,752.5,45.4458,12.2552,Gas,,,,1992,,TERNA,http://www.terna.it/en-gb/sistemaelettrico/transparencyreport/generation/installedgenerationcapacity.aspx,GEODB,,,,2165,,1826.825384
ITA,,Italy,LIVORNO MARZOCCO,WRI1002906,310,43.5673,10.31,Oil,,,,1965,ENEL,ENEL,https://www.futur-e.enel.it/cs/Satellite?blobcol=urldata&blobheader=application%2Fpdf&blobheadername1=Content-Disposition&blobheadername2=MDT-Type&blobheadervalue1=inline%3B+filename%3Dlivorno-eng.pdf&blobheadervalue2=abinary%3B+charset%3DUTF-8&blobkey=id&blobtable=MungoBlobs&blobwhere=1445864757397&ssbinary=true,GEODB,,,,457,,497.301981
ITA,,Italy,La Brava Solar Power Plant,WRI1026409,13.4,45.9516,13.4031,Solar,,,,,,GP Joule,http://www.gp-joule.eu/activities/projects/,Industry About,,,,,,692.5563614
ITA,,Italy,Lady Lucrecia Solar Power Plant,WRI1026410,1,40.1989,18.2162,Solar,,,,,9REN,Solaer,https://www.google.com/maps/d/embed?mid=1bXiXRcLRnBCUfpkHM2J5EVryhG4&ll=31.06035315253383%2C35.02284616406246&z=8,Industry About,,,,,,51.68331055
ITA,,Italy,Lapedona Solar Power Plant,WRI1026411,1,43.1225,13.768,Solar,,,,,Solaer,En Value,http://www.envalue.de/de/neues/index.php,Industry About,,,,,,51.68331055
ITA,,Italy,Lucera Solar Power Plant,WRI1026412,1,41.471,15.4122,Solar,,,,,Envalue GmbH,X-elio,http://www.x-elio.com,Industry About,,,,,,51.68331055
ITA,,Italy,MAGISANO,WRI1021318,75,39.0095,16.6206,Hydro,,,,,,ENTSOE,https://transparency.entsoe.eu/generation/r2/installedCapacityPerProductionUnit/show,WRI,,,,,,337.6523627
ITA,,Italy,MESE,WRI1002908,164.34,46.3063,9.3823,Hydro,,,,,,TERNA,http://www.terna.it/en-gb/sistemaelettrico/transparencyreport/generation/installedgenerationcapacity.aspx,CARMA,,,,484.6,,739.8638572
ITA,,Italy,MILAZZO,WRI1002909,162.9,38.2212,15.2383,Gas,,,,,,Edison,http://www.termica-milazzo.it/navigate.asp?voce=4&sottovoce=1,CARMA,,,,967,,395.4682459
ITA,,Italy,MONASTERO,WRI1021355,56,46.1556,9.6439,Hydro,,,,,,ENTSOE,https://transparency.entsoe.eu/generation/r2/installedCapacityPerProductionUnit/show,WRI,,,,,,252.1137642
ITA,,Italy,MONCALIERI,WRI1002910,780,44.993,7.6755,Gas,,,,,,Iren Energia,http://www.irenenergia.it/ChiSiamo/Attivita/Teleriscaldamento/Dove_Siamo/Impianti_Torino.html,GEODB,,,,2286.3,,1893.586445
ITA,,Italy,MONTALTO (Alessandro Volta),WRI1002912,3446,42.3572,11.5373,Gas,,,,,ENEL,ENEL,https://www.futur-e.enel.it/cs/Satellite?blobcol=urldata&blobheader=application%2Fpdf&blobheadername1=Content-Disposition&blobheadername2=MDT-Type&blobheadervalue1=inline%3B+filename%3Dmontalto-ita_2.pdf&blobheadervalue2=abinary%3B+charset%3DUTF-8&blobkey=id&blobtable=MungoBlobs&blobwhere=1445865128793&ssbinary=true,GEODB,,,,3.079,,8365.767805
ITA,,Italy,MONTEFERRANTE,WRI1002913,105.24,41.9547,14.3884,Wind,,,,,,TERNA,http://www.terna.it/en-gb/sistemaelettrico/transparencyreport/generation/installedgenerationcapacity.aspx,CARMA,,,,,,15178
ITA,,Italy,MONTEVERDI 1,WRI1021759,17,43.1862,10.7657,Geothermal,,,,1997,,ENTSOE,https://transparency.entsoe.eu/generation/r2/installedCapacityPerProductionUnit/show,WRI,,,,,,117.3535589
ITA,,Italy,MONTEVERDI 2,WRI1021760,17,43.1971,10.7652,Geothermal,,,,1997,,ENTSOE,https://transparency.entsoe.eu/generation/r2/installedCapacityPerProductionUnit/show,WRI,,,,,,117.3535589
ITA,,Italy,MONTORIO,WRI1002914,110,42.5831,13.6383,Hydro,,,,,,TERNA,http://www.terna.it/en-gb/sistemaelettrico/transparencyreport/generation/installedgenerationcapacity.aspx,CARMA,,,,267,,495.2234653
ITA,,Italy,MUCONE 1S,WRI1002915,101.44,39.4929,16.3838,Hydro,,,,,,TERNA,http://www.terna.it/en-gb/sistemaelettrico/transparencyreport/generation/installedgenerationcapacity.aspx,CARMA,,,,401,,456.6860757
ITA,,Italy,Maddaloni,WRI1002907,352,41.0197,14.37,Gas,,,,1977,,ENEL,https://www.futur-e.enel.it/cs/Satellite?blobcol=urldata&blobheader=application%2Fpdf&blobheadername1=Content-Disposition&blobheadername2=MDT-Type&blobheadervalue1=inline%3B+filename%3Dmaddaloni-eng.pdf&blobheadervalue2=abinary%3B+charset%3DUTF-8&blobkey=id&blobtable=MungoBlobs&blobwhere=1445864757537&ssbinary=true,WRI,,,,,,854.541575
ITA,,Italy,Mandrella Solar Power Plant,WRI1026413,1,40.1137,18.1396,Solar,,,,,Gestamp Asetym Solar,9ren,http://www.9ren.it/en/about-us/where-we-operate/our-plants/,Industry About,,,,,,51.68331055
ITA,,Italy,Masseria Martellotta Solar Power Plant,WRI1026414,8,40.5778,16.9715,Solar,,,,,,9ren,http://www.9ren.it/en/about-us/where-we-operate/our-plants/,Industry About,,,,,,413.4664844
ITA,,Italy,Masseria Rossa 1 Solar Power Plant,WRI1026415,1,40.4117,17.4247,Solar,,,,,9REN,9ren,http://www.9ren.it/en/about-us/where-we-operate/our-plants/,Industry About,,,,,,51.68331055
ITA,,Italy,Massoli Terni Solar Power Plant,WRI1026416,2.3,42.5107,12.6187,Solar,,,,,,Solar Rig,http://solarig.com/about-us/,Industry About,,,,,,118.8716143
ITA,,Italy,Maviglia Solar Power Plant,WRI1026417,1,40.3175,17.5873,Solar,,,,,9REN,9ren,http://www.9ren.it/en/about-us/where-we-operate/our-plants/,Industry About,,,,,,51.68331055
ITA,,Italy,Meatiri Solar Power Plant,WRI1026418,1,40.1563,18.2334,Solar,,,,,9REN,Solaer,https://www.google.com/maps/d/embed?mid=1bXiXRcLRnBCUfpkHM2J5EVryhG4&ll=31.06035315253383%2C35.02284616406246&z=8,Industry About,,,,,,51.68331055
ITA,,Italy,Monfalcone,WRI1002911,336,45.7979,13.5455,Coal,,,,,A2A,A2A,http://www.a2a.eu/en/plants_networks/thermoelectric/monfalcone/,GEODB,,,,2109,,1842.317501
ITA,,Italy,Montalto di Castro - Solaer Solar Power Plant,WRI1026419,1,42.4067,11.6104,Solarr,,,,,Solaer,Solaer,https://www.google.com/maps/d/embed?mid=1bXiXRcLRnBCUfpkHM2J5EVryhG4&ll=31.06035315253383%2C35.02284616406246&z=8,Industry About,,,,,,51.68331055
ITA,,Italy,Monte San Pietrangeli Solar Power Plant,WRI1026420,5.7,43.1953,13.6002,Solar,,,,,Solaria EnergÌ_a y Medio Ambiente SA,En Value,http://www.envalue.de/de/neues/index.php,Industry About,,,,,,294.5948701
ITA,,Italy,NAPOLI L,WRI1002916,400,40.8339,14.3006,Gas,,,,2009,Tirreno,Tirreno Power,http://www.tirrenopower.com/en/impianti-elettrici/napoli-levante/,GEODB,,,,715,,971.0699716
ITA,,Italy,NOVEL,WRI1021293,97,45.457,8.6496,Other,,,,,,ENTSOE,https://transparency.entsoe.eu/generation/r2/installedCapacityPerProductionUnit/show,GEODB,,,,,,166.7108684
ITA,,Italy,NUOVA CASTELNUOVO,WRI1021797,15,43.2166,10.9052,Geothermal,,,,2000,,ENTSOE,https://transparency.entsoe.eu/generation/r2/installedCapacityPerProductionUnit/show,WRI,,,,,,103.5472579
ITA,,Italy,NUOVA GABBRO,WRI1021705,19,42.2612,10.8853,Geothermal,,,,2002,,ENTSOE,https://transparency.entsoe.eu/generation/r2/installedCapacityPerProductionUnit/show,WRI,,,,,,131.15986
ITA,,Italy,NUOVA LAGO,WRI1021915,11,43.2612,10.8853,Geothermal,,,,2002,,ENTSOE,https://transparency.entsoe.eu/generation/r2/installedCapacityPerProductionUnit/show,WRI,,,,,,75.93465578
ITA,,Italy,NUOVA LARDERELLO,WRI1021763,17,43.2271,10.8838,Geothermal,,,,2005,,ENTSOE,https://transparency.entsoe.eu/generation/r2/installedCapacityPerProductionUnit/show,WRI,,,,,,117.3535589
ITA,,Italy,NUOVA MOLINETTO,WRI1021721,18,43.2112,10.8585,Geothermal,,,,2002,,ENTSOE,https://transparency.entsoe.eu/generation/r2/installedCapacityPerProductionUnit/show,WRI,,,,,,124.2567095
ITA,,Italy,NUOVA MONTEROTONDO,WRI1021914,11,43.1519,10.8495,Geothermal,,,,2002,,ENTSOE,https://transparency.entsoe.eu/generation/r2/installedCapacityPerProductionUnit/show,WRI,,,,,,75.93465578
ITA,,Italy,NUOVA RADICONDOLI,WRI1021348,59,43.1935,11.0446,Geothermal,,,,2002,,ENTSOE,https://transparency.entsoe.eu/generation/r2/installedCapacityPerProductionUnit/show,WRI,,,,,,407.285881
ITA,,Italy,NUOVA SAN MARTINO,WRI1021455,39,43.1452,10.8325,Geothermal,,,,2005,,ENTSOE,https://transparency.entsoe.eu/generation/r2/installedCapacityPerProductionUnit/show,WRI,,,,,,269.2228705
ITA,,Italy,Piccolo Carlo Solar Power Plant,WRI1026425,1,40.0366,18.3629,Solarr,,,,,Solaer,Solaer,https://www.google.com/maps/d/embed?mid=1bXiXRcLRnBCUfpkHM2J5EVryhG4&ll=31.06035315253383%2C35.02284616406246&z=8,Industry About,,,,,,51.68331055
ITA,,Italy,Portoscuso,WRI1002926,320,39.2047,8.3789,Oil,,,,1973,ENEL,ENEL,https://www.futur-e.enel.it/cs/Satellite?blobcol=urldata&blobheader=application%2Fpdf&blobheadername1=Content-Disposition&blobheadername2=MDT-Type&blobheadervalue1=inline%3B+filename%3Dportoscuso-eng.pdf&blobheadervalue2=abinary%3B+charset%3DUTF-8&blobkey=id&blobtable=MungoBlobs&blobwhere=1445864757450&ssbinary=true,CARMA,,,,0,,513.3439804
ITA,,Italy,Pozzilli Solar Power Plant,WRI1026426,2.9,41.5051,14.0879,Solar,,,,,Solaer,Solar Rig,http://solarig.com,Industry About,,,,,,149.8816006
ITA,,Italy,Pozzo d'Adda Solar Power Plant,WRI1026427,3,45.5738,9.4927,Solar,,,,,,Martifer Solar,http://www.martifersolar.com/powering.php,Industry About,,,,,,155.0499316
ITA,,Italy,Pozzolo Formigaro Solar Power Plant,WRI1026428,4.1,44.8314,8.7734,Solar,,,,,Enel Green Power SpA,OPDE,http://www.opde.net/en/projects/,Industry About,,,,,,211.9015733
ITA,,Italy,Quattordio Solar Power Plant,WRI1026429,1.4,44.9055,8.4343,Solar,,,,,Carpevigo AG,OPDE,http://www.opde.net/en/projects/,Industry About,,,,,,72.35663477
ITA,,Italy,RANCIA 1,WRI1021724,18,43.2141,11.0468,Geothermal,,,,1986,,ENTSOE,https://transparency.entsoe.eu/generation/r2/installedCapacityPerProductionUnit/show,WRI,,,,,,124.2567095
ITA,,Italy,RANCIA 2,WRI1021723,18,43.2101,11.0345,Geothermal,,,,1998,,ENTSOE,https://transparency.entsoe.eu/generation/r2/installedCapacityPerProductionUnit/show,WRI,,,,,,124.2567095
ITA,,Italy,RIVA DEL GARDA - NUOVO,WRI1002934,117,45.8858,10.8412,Hydro,,,,,,TERNA,http://www.terna.it/en-gb/sistemaelettrico/transparencyreport/generation/installedgenerationcapacity.aspx,CARMA,,,,,,526.7376858
ITA,,Italy,RIZZICONI,WRI1002935,760,38.4453,15.99,Gas,,,,,EGL Italia,Axpo,http://www.axpo.com/axpo/it/en/knowledge/power-production/assets-in-italy.html,GEODB,,,,3635.8,,1845.032946
ITA,,Italy,RONCOVALGRANDE,WRI1002936,1000,46.0702,8.7339,Hydro,,,,,,TERNA,http://www.terna.it/en-gb/sistemaelettrico/transparencyreport/generation/installedgenerationcapacity.aspx,GEODB,,,,508.6,,4502.031503
ITA,,Italy,ROSONE,WRI1002938,135,45.4837,7.3693,Hydro,,,,,,TERNA,http://www.terna.it/en-gb/sistemaelettrico/transparencyreport/generation/installedgenerationcapacity.aspx,WRI,,,,451,,607.7742529
ITA,,Italy,ROSSANO TE,WRI1002939,1200,39.6218,16.6084,Oil,,,,,,ENEL,https://www.futur-e.enel.it/cs/Satellite?blobcol=urldata&blobheader=application%2Fpdf&blobheadername1=Content-Disposition&blobheadername2=MDT-Type&blobheadervalue1=inline%3B+filename%3Drossano-eng.pdf&blobheadervalue2=abinary%3B+charset%3DUTF-8&blobkey=id&blobtable=MungoBlobs&blobwhere=1445864757481&ssbinary=true,GEODB,,,,0,,1925.039927
ITA,,Italy,Rovigo Solar Power Plant,WRI1026430,15,45.0374,11.5705,Solar,,,,,,Astronergy,http://www.astronergy.com/projects_plants.php,Industry About,,,,,,775.2496582
ITA,,Italy,S.GIACOMO,WRI1002944,490,42.785,13.5111,Hydro,,,,,,TERNA,http://www.terna.it/en-gb/sistemaelettrico/transparencyreport/generation/installedgenerationcapacity.aspx,WRI,,,,424,,2205.995436
ITA,,Italy,S.MASSENZA 1 (Molveno),WRI1002945,377,46.0677,10.9826,Hydro,,,,,,TERNA,http://www.terna.it/en-gb/sistemaelettrico/transparencyreport/generation/installedgenerationcapacity.aspx,WRI,,,,583.21,,1697.265877
ITA,,Italy,SAN FILIPPO DEL MELA,WRI1002947,866,38.2049,15.2818,Oil,,,,,Edipower,Edipower,https://web.archive.org/web/20150316075708/http://www.edipower.it/centrale_di_sanfilippo.htm,GEODB,,,,2181.1,,1389.237147
ITA,,Italy,SAN QUIRICO,WRI1002946,137,44.9167,10.25,Gas,,,,,Edison,Edison,http://www.edison.it/en/node/1505,CARMA,,,,1,,332.5914653
ITA,,Italy,SARLUX,WRI1002948,630,39.1037,9.0063,Gas,,,,2000,Saras SpA,Power and Technology Magazine,http://www.power-technology.com/projects/sarlux/,GEODB,,,,4429,,1529.435205
ITA,,Italy,SARMATO,WRI1002949,180,45.0522,9.5072,Gas,,,,1998,EON,Power Plants at Risk of Shutting Down,http://www.italy24.ilsole24ore.com/pdf2010/Editrice/ILSOLE24ORE/QUOTIDIANO_INSIDE_ITALY/Online/_Oggetti_Correlati/Documenti/2014/10/23/20141023_Power.pdf,GEODB,,,,0,,436.9814872
ITA,,Italy,SASSO 2,WRI1021664,20,43.1753,10.8583,Geothermal,,,,2009,,ENTSOE,https://transparency.entsoe.eu/generation/r2/installedCapacityPerProductionUnit/show,WRI,,,,,,138.0630105
ITA,,Italy,SELED GLORENZA,WRI1002950,101.6,46.6879,10.5466,Hydro,,,,,,TERNA,http://www.terna.it/en-gb/sistemaelettrico/transparencyreport/generation/installedgenerationcapacity.aspx,CARMA,,,,201,,457.4064007
ITA,,Italy,SELVA 1,WRI1021702,19,43.1805,10.8834,Geothermal,,,,1999,,ENTSOE,https://transparency.entsoe.eu/generation/r2/installedCapacityPerProductionUnit/show,WRI,,,,,,131.15986
ITA,,Italy,SERMIDE,WRI1002951,1151,45.0265,11.2522,Gas,,,,2004,Edipower,Edipower,http://www.edipower.it/edp/cms/edipower/attivita/impianti/centrale-termoelettrica-di-sermide/,GEODB,,,,938.94,,2794.253843
ITA,,Italy,SESTA 1,WRI1021722,18,43.2301,10.9471,Geothermal,,,,2002,,ENTSOE,https://transparency.entsoe.eu/generation/r2/installedCapacityPerProductionUnit/show,WRI,,,,,,124.2567095
ITA,,Italy,SESTO SAN GIOVANNI,WRI1002952,110.6,45.5417,9.2539,Other,,,,,,TERNA,http://www.terna.it/en-gb/sistemaelettrico/transparencyreport/generation/installedgenerationcapacity.aspx,CARMA,,,,,,190.0847634
ITA,,Italy,SIMERI CRICHI,WRI1002953,760,38.8759,16.6569,Gas,,,,,Edison,Edison,http://www.skemaq.it/uploads/case-studies/7cae243ca90d11d3755216b3b90bacdc.pdf,GEODB,,,,2625,,1845.032946
ITA,,Italy,SOMPLAGO,WRI1002954,220,46.3706,13.0436,Hydro,,,,,,TERNA,http://www.terna.it/en-gb/sistemaelettrico/transparencyreport/generation/installedgenerationcapacity.aspx,CARMA,,,,302,,990.4469306
ITA,,Italy,SONDRIO,WRI1002955,144,46.169,9.8691,Hydro,,,,,,TERNA,http://www.terna.it/en-gb/sistemaelettrico/transparencyreport/generation/installedgenerationcapacity.aspx,CARMA,,,,392,,648.2925364
ITA,,Italy,SORGENIA PUGLIA CENTRALE DI MODUGNO,WRI1002956,800,41.1025,16.756,Gas,,,,2010,Sorgenia,Sorgenia,https://www.sorgenia.it/produzione/impianti-ciclo-combinato/centrale-modugno.html,GEODB,,,,947.41,,1942.139943
ITA,,Italy,TORRITE,WRI1021328,67,44.1264,10.3934,Hydro,,,,,,ENTSOE,https://transparency.entsoe.eu/generation/r2/installedCapacityPerProductionUnit/show,WRI,,,,,,301.6361107
ITA,,Italy,TORVISCOSA,WRI1002971,785,45.817,13.2891,Gas,,,,2006,Edison,Edison,http://www.centraletorviscosa.it/go.asp?Id=4,GEODB,,,,2027,,1905.724819
ITA,,Italy,TRAPANI C.LE,WRI1002972,213.4,38.0158,12.5108,Gas,,,,,E On,E.ON,https://web.archive.org/web/20140409020226/http://www.eon-italia.com/en/business/generation/power-plants/trapani.html,CARMA,,,,100,,518.0658298
ITA,,Italy,TRAVALE 3,WRI1021668,20,43.1707,11.0383,Geothermal,,,,2003,,ENTSOE,https://transparency.entsoe.eu/generation/r2/installedCapacityPerProductionUnit/show,WRI,,,,,,138.0630105
ITA,,Italy,TRAVALE 4,WRI1021454,39,43.1708,11.039,Geothermal,,,,2002,,ENTSOE,https://transparency.entsoe.eu/generation/r2/installedCapacityPerProductionUnit/show,WRI,,,,,,269.2228705
ITA,,Italy,TURBIGO,WRI1002973,1569,45.5201,8.7422,Oil,,,,,Edipower,Edipower,https://web.archive.org/web/20110909235851/http://www.edipower.org/centrali/turbigo.asp,GEODB,,,,1617.1,,2516.989704
ITA,,Italy,Torrevaldaliga Nord,WRI1002969,1845,42.1269,11.7583,Coal,,,,,ENEL,Association of Carbon Italy,http://www.assocarboni.it/index.php/en/the-coal/coal-plants-in-italy,GEODB,,,,11980,,10116.29699
ITA,,Italy,Tortona Pantaleona Solar Power Plant,WRI1026440,7,44.8794,8.7889,Solar,,,,,9REN,OPDE,http://www.opde.net/en/projects/,Industry About,,,,,,361.7831738
ITA,,Italy,Tortona Ponzana Solar Power Plant,WRI1026441,6.2,44.8391,8.7776,Solar,,,,,Enel Green Power SpA,OPDE,http://www.opde.net/en/projects/,Industry About,,,,,,320.4365254
ITA,,Italy,Troia T1 Solar Power Plant,WRI1026442,1,41.3612,15.3632,Solar,,,,,Gestamp Asetym Solar,Solaer,https://www.google.com/maps/d/embed?mid=1bXiXRcLRnBCUfpkHM2J5EVryhG4&ll=31.06035315253383%2C35.02284616406246&z=8,Industry About,,,,,,51.68331055
ITA,,Italy,Troia T10 Solar Power Plant,WRI1026443,1,41.3606,15.3839,Solar,,,,,Solaer,Solaer,https://www.google.com/maps/d/embed?mid=1bXiXRcLRnBCUfpkHM2J5EVryhG4&ll=31.06035315253383%2C35.02284616406246&z=8,Industry About,,,,,,51.68331055
ITA,,Italy,Troia T3 Solar Power Plant,WRI1026444,1,41.3609,15.3509,Solar,,,,,Solaer,Solaer,https://www.google.com/maps/d/embed?mid=1bXiXRcLRnBCUfpkHM2J5EVryhG4&ll=31.06035315253383%2C35.02284616406246&z=8,Industry About,,,,,,51.68331055
ITA,,,Troia T7 Solar Power Plant,WRI1026445,1,41.3644,15.3419,Solar,,,,,Solaer,Solaer,https://www.google.com/maps/d/embed?mid=1bXiXRcLRnBCUfpkHM2J5EVryhG4&ll=31.06035315253383%2C35.02284616406246&z=8,Industry About,,,,,,51.68331055
ITA,,Italy,Troia T8 Solar Power Plant,WRI1026446,1,41.3595,15.371,Solar,,,,,Solaer,Solaer,https://www.google.com/maps/d/embed?mid=1bXiXRcLRnBCUfpkHM2J5EVryhG4&ll=31.06035315253383%2C35.02284616406246&z=8,Industry About,,,,,,51.68331055
ITA,,Italy,Troia T9 Solar Power Plant,WRI1026447,1,41.3594,15.3808,Solar,,,,,Solaer,Solaer,https://www.google.com/maps/d/embed?mid=1bXiXRcLRnBCUfpkHM2J5EVryhG4&ll=31.06035315253383%2C35.02284616406246&z=8,Industry About,,,,,,51.68331055
ITA,,Italy,Tuttosole Solar Power Plant,WRI1026448,1.5,43.672,10.7363,Solar,,,,,Opde Photovoltaics,Carpe Vigo,http://www.carpevigo.de/de/projekte-in-italien/menue-id-230.html,Industry About,,,,,,77.52496582
ITA,,Italy,Uta Solar Power Plant,WRI1026449,5.8,39.2848,8.9015,Solar,,,,,9REN,Solaria Energia,,Industry About,,,,,,299.7632012
ITA,,Italy,VADO Ligure,WRI1002976,1353,44.2755,8.4305,Gas,,,,2007,Tirreno Power,Tirreno Power,http://www.tirrenopower.com/en/impianti-elettrici/vado-ligure/,GEODB,,,,1239.5,,3284.644179
ITA,,Italy,VALLE SECOLO,WRI1002978,114,42.2362,10.8674,Geothermal,,,,1981,,TERNA,http://www.terna.it/en-gb/sistemaelettrico/transparencyreport/generation/installedgenerationcapacity.aspx,WRI,,,,811,,786.9591599
ITA,,Italy,VALPELLINE,WRI1002979,130,45.8249,7.3255,Hydro,,,,,,TERNA,http://www.terna.it/en-gb/sistemaelettrico/transparencyreport/generation/installedgenerationcapacity.aspx,CARMA,,,,390,,585.2640954
ITA,,Italy,VENAUS,WRI1002980,230,45.1623,7.0085,Hydro,,,,,,TERNA,http://www.terna.it/en-gb/sistemaelettrico/transparencyreport/generation/installedgenerationcapacity.aspx,WRI,,,,345,,1035.467246
ITA,,Italy,VENINA,WRI1002981,327.1,46.1596,9.935,Hydro,,,,,,TERNA,http://www.terna.it/en-gb/sistemaelettrico/transparencyreport/generation/installedgenerationcapacity.aspx,CARMA,,,,542,,1472.614505
ITA,,Italy,VERZUOLO,WRI1002982,140,44.5947,7.4858,Gas,,,,,,TERNA,http://www.terna.it/en-gb/sistemaelettrico/transparencyreport/generation/installedgenerationcapacity.aspx,GEODB,,,,21,,339.8744901
ITA,,Italy,VILLA S.MARIA,WRI1021344,60,42.0154,14.3535,Hydro,,,,,,ENTSOE,https://transparency.entsoe.eu/generation/r2/installedCapacityPerProductionUnit/show,WRI,,,,,,270.1218902
ITA,,Italy,VOGHERA,WRI1002983,380.5,45.0296,8.9723,Gas,,,,,,Tractabel,http://www.tractebel-engie.com/references/combined-cycle-power-plant-voghera-pavia-2/,GEODB,,,,1649,,923.7303105
GBR,,United Kingdom,Craigahulliar Landfill Gas,GBR0000773,1,55.1965,-6.6106,Waste,,,,,B9 Organic Energy and Craigahulliar Energy,Department for Business Energy & Industrial Strategy,https://www.gov.uk/government/collections/digest-of-uk-energy-statistics-dukes;https://www.gov.uk/government/collections/renewable-energy-planning-data,UK Renewable Energy Planning Database,2016,,,,,2.169101848
GBR,,United Kingdom,Craigannet Farm Wind Turbine,GBR0006318,1.5,56.0455,-4.0685,Wind,,,,,Clean Earth Energy,Department for Business Energy & Industrial Strategy,https://www.gov.uk/government/collections/digest-of-uk-energy-statistics-dukes;https://www.gov.uk/government/collections/renewable-energy-planning-data,UK Renewable Energy Planning Database,2016,,,,,2.580821123
GBR,,United Kingdom,Craigengelt,GBR0002940,20,56.0543,-4.0497,Wind,,,,,Scotia Wind Ltd,Department for Business Energy & Industrial Strategy,https://www.gov.uk/government/collections/digest-of-uk-energy-statistics-dukes;https://www.gov.uk/government/collections/renewable-energy-planning-data,UK Renewable Energy Planning Database,2016,,,,,34.4109483
GBR,,United Kingdom,Cranford,GBR0000757,1.1,52.3759,-0.6338,Waste,,,,,SITA UK,Department for Business Energy & Industrial Strategy,https://www.gov.uk/government/collections/digest-of-uk-energy-statistics-dukes;https://www.gov.uk/government/collections/renewable-energy-planning-data,UK Renewable Energy Planning Database,2016,,,,,2.386012033
GBR,,United Kingdom,Cranham Golf Course Solar Park,GBR0002117,2.6,51.5587,0.2827,Solar,,,,,Cranham Golf Course,Department for Business Energy & Industrial Strategy,https://www.gov.uk/government/collections/digest-of-uk-energy-statistics-dukes;https://www.gov.uk/government/collections/renewable-energy-planning-data,UK Renewable Energy Planning Database,2016,,,,,1.283848864
GBR,,United Kingdom,Crannaford Solar Farm,GBR0001984,12.5,50.7599,-3.4048,Solar,,,,,MS Power Projects Ltd (Mr L Mark),Department for Business Energy & Industrial Strategy,https://www.gov.uk/government/collections/digest-of-uk-energy-statistics-dukes;https://www.gov.uk/government/collections/renewable-energy-planning-data,UK Renewable Energy Planning Database,2016,,,,,6.172350309
GBR,,United Kingdom,Crapnell Farm Solar Farm,GBR0001522,5.4,51.2091,-2.5784,Solar,,,,,Lightsource Renewable Energy,Department for Business Energy & Industrial Strategy,https://www.gov.uk/government/collections/digest-of-uk-energy-statistics-dukes;https://www.gov.uk/government/collections/renewable-energy-planning-data,UK Renewable Energy Planning Database,2016,,,,,2.666455334
GBR,,United Kingdom,Creathorne Farm  - Solar Farm,GBR0001614,1.8,50.7956,-4.5451,Solar,,,,,Good Energy Generation,Department for Business Energy & Industrial Strategy,https://www.gov.uk/government/collections/digest-of-uk-energy-statistics-dukes;https://www.gov.uk/government/collections/renewable-energy-planning-data,UK Renewable Energy Planning Database,2016,,,,,0.888818445
GBR,,United Kingdom,Cregganconroe,GBR0004653,13.8,54.6226,-6.9791,Wind,,,,,Gaelectric Developments/ CGN Europe Energy,Department for Business Energy & Industrial Strategy,https://www.gov.uk/government/collections/digest-of-uk-energy-statistics-dukes;https://www.gov.uk/government/collections/renewable-energy-planning-data,UK Renewable Energy Planning Database,2016,,,,,23.74355433
GBR,,United Kingdom,Cressing Solar Farm (Phase 1),GBR0005497,5,51.8408,0.6011,Solar,,,,,Octopus Investments,Department for Business Energy & Industrial Strategy,https://www.gov.uk/government/collections/digest-of-uk-energy-statistics-dukes;https://www.gov.uk/government/collections/renewable-energy-planning-data,UK Renewable Energy Planning Database,2016,,,,,2.468940124
GBR,,United Kingdom,Creswell Solar Park (resubmission),GBR0005224,5,53.2558,-1.2074,Solar,,,,,Sovereign Energy Partners,Department for Business Energy & Industrial Strategy,https://www.gov.uk/government/collections/digest-of-uk-energy-statistics-dukes;https://www.gov.uk/government/collections/renewable-energy-planning-data,UK Renewable Energy Planning Database,2016,,,,,2.468940124
GBR,,United Kingdom,Crighshane,GBR0004041,28,54.6399,-7.7526,Wind,,,,,Energia Renewables,Department for Business Energy & Industrial Strategy,https://www.gov.uk/government/collections/digest-of-uk-energy-statistics-dukes;https://www.gov.uk/government/collections/renewable-energy-planning-data,UK Renewable Energy Planning Database,2016,,,,,48.17532762
GBR,,United Kingdom,Crimp Wind Farm - resubmission,GBR0003458,2.4,50.9119,-4.4881,Wind,,,,,Crimp Power Ltd (West Coast Energy),Department for Business Energy & Industrial Strategy,https://www.gov.uk/government/collections/digest-of-uk-energy-statistics-dukes;https://www.gov.uk/government/collections/renewable-energy-planning-data,UK Renewable Energy Planning Database,2016,,,,,4.129313796
GBR,,United Kingdom,Crockagarran,GBR0004048,15,54.5502,-7.0168,Wind,,,,,ESB,Department for Business Energy & Industrial Strategy,https://www.gov.uk/government/collections/digest-of-uk-energy-statistics-dukes;https://www.gov.uk/government/collections/renewable-energy-planning-data,UK Renewable Energy Planning Database,2016,,,,,25.80821123
GBR,,United Kingdom,Crockagarron Ext,GBR0003717,2.5,54.5516,-7.009,Wind,,,,,,Department for Business Energy & Industrial Strategy,https://www.gov.uk/government/collections/digest-of-uk-energy-statistics-dukes;https://www.gov.uk/government/collections/renewable-energy-planning-data,UK Renewable Energy Planning Database,2016,,,,,4.301368538
GBR,,United Kingdom,Crockandun,GBR0004156,15,54.7395,-6.7719,Wind,,,,,Brookfield Renewable Energy Group,Department for Business Energy & Industrial Strategy,https://www.gov.uk/government/collections/digest-of-uk-energy-statistics-dukes;https://www.gov.uk/government/collections/renewable-energy-planning-data,UK Renewable Energy Planning Database,2016,,,,,25.80821123
GBR,,United Kingdom,Crockbaravally Wind Farm,GBR0004255,7.5,54.553,-7.0477,Wind,,,,,Golden Square Energy,Department for Business Energy & Industrial Strategy,https://www.gov.uk/government/collections/digest-of-uk-energy-statistics-dukes;https://www.gov.uk/government/collections/renewable-energy-planning-data,UK Renewable Energy Planning Database,2016,,,,,12.90410561
GBR,,United Kingdom,Crockbrack,GBR0003713,2,54.6145,-6.9552,Wind,,,,,Gaelectric Developments/ CGN Europe Energy,Department for Business Energy & Industrial Strategy,https://www.gov.uk/government/collections/digest-of-uk-energy-statistics-dukes;https://www.gov.uk/government/collections/renewable-energy-planning-data,UK Renewable Energy Planning Database,2016,,,,,3.44109483
GBR,,United Kingdom,Crockdun,GBR0004320,12.5,54.5689,-7.0494,Wind,,,,,ESB (Northern Wind Power),Department for Business Energy & Industrial Strategy,https://www.gov.uk/government/collections/digest-of-uk-energy-statistics-dukes;https://www.gov.uk/government/collections/renewable-energy-planning-data,UK Renewable Energy Planning Database,2016,,,,,21.50684269
GBR,,United Kingdom,Crockers Hele,GBR0001729,1.3,50.8423,-4.0951,Solar,,,,,Mr Knapman,Department for Business Energy & Industrial Strategy,https://www.gov.uk/government/collections/digest-of-uk-energy-statistics-dukes;https://www.gov.uk/government/collections/renewable-energy-planning-data,UK Renewable Energy Planning Database,2016,,,,,0.641924432
GBR,,United Kingdom,Croda Chemicals Europe,GBR0002932,3,53.6823,-1.0072,Wind,,,,,Croda Chemicals   Oak Road  Kingston-Upon-Hull,Department for Business Energy & Industrial Strategy,https://www.gov.uk/government/collections/digest-of-uk-energy-statistics-dukes;https://www.gov.uk/government/collections/renewable-energy-planning-data,UK Renewable Energy Planning Database,2016,,,,,5.161642245
GBR,,United Kingdom,Crook Hill (Revised Application - Calderdale MBC) 1 of 2,GBR0004354,13.6,53.6681,-2.1117,Wind,,,,,Infrared Capital Partners,Department for Business Energy & Industrial Strategy,https://www.gov.uk/government/collections/digest-of-uk-energy-statistics-dukes;https://www.gov.uk/government/collections/renewable-energy-planning-data,UK Renewable Energy Planning Database,2016,,,,,23.39944485
GBR,,United Kingdom,Crook Hill (Revised Application - Rochdale MBC) 2 of 2,GBR0004659,23.8,53.6705,-2.1148,Wind,,,,,Infrared Capital Partners,Department for Business Energy & Industrial Strategy,https://www.gov.uk/government/collections/digest-of-uk-energy-statistics-dukes;https://www.gov.uk/government/collections/renewable-energy-planning-data,UK Renewable Energy Planning Database,2016,,,,,40.94902848
GBR,,United Kingdom,Crookedstone Road,GBR0001523,4.8,54.6707,-6.1985,Solar,,,,,Lightsource Renewable Energy,Department for Business Energy & Industrial Strategy,https://www.gov.uk/government/collections/digest-of-uk-energy-statistics-dukes;https://www.gov.uk/government/collections/renewable-energy-planning-data,UK Renewable Energy Planning Database,2016,,,,,2.370182519
GBR,,United Kingdom,Crystal Rig Phase 1,GBR0003114,62.5,55.883,-2.5075,Wind,,,,,Fred Olsen Renewables,Department for Business Energy & Industrial Strategy,https://www.gov.uk/government/collections/digest-of-uk-energy-statistics-dukes;https://www.gov.uk/government/collections/renewable-energy-planning-data,UK Renewable Energy Planning Database,2016,,,,,107.5342134
GBR,,United Kingdom,Crystal Rig Wind Farm Phase 2a,GBR0003440,138,55.8995,-2.5293,Wind,,,,,Fred Olsen Renewables,Department for Business Energy & Industrial Strategy,https://www.gov.uk/government/collections/digest-of-uk-energy-statistics-dukes;https://www.gov.uk/government/collections/renewable-energy-planning-data,UK Renewable Energy Planning Database,2016,,,,,237.4355433
GBR,,United Kingdom,Crystal Rig Wind Farm Phase III,GBR0004215,13.8,55.9264,-2.5345,Wind,,,,,Fred Olsen Renewables,Department for Business Energy & Industrial Strategy,https://www.gov.uk/government/collections/digest-of-uk-energy-statistics-dukes;https://www.gov.uk/government/collections/renewable-energy-planning-data,UK Renewable Energy Planning Database,2016,,,,,23.74355433
GBR,,United Kingdom,Cuaich,GBR0000471,2.5,56.9562,-4.211,Hydro,,,,,Scottish and Southern Energy (SSE),Department for Business Energy & Industrial Strategy,https://www.gov.uk/government/collections/digest-of-uk-energy-statistics-dukes;https://www.gov.uk/government/collections/renewable-energy-planning-data,UK Renewable Energy Planning Database,2016,,,,,5.811163691
GBR,,United Kingdom,Cuckoo Grove Farm,GBR0002376,7.5,51.8099,-5.0074,Solar,,,,,,Department for Business Energy & Industrial Strategy,https://www.gov.uk/government/collections/digest-of-uk-energy-statistics-dukes;https://www.gov.uk/government/collections/renewable-energy-planning-data,UK Renewable Energy Planning Database,2016,,,,,3.703410185
GBR,,United Kingdom,Cuileig Hydro Scheme,GBR0000434,3.3,57.7633,-5.0392,Hydro,,,,,Scottish Hydro-Electric plc,Department for Business Energy & Industrial Strategy,https://www.gov.uk/government/collections/digest-of-uk-energy-statistics-dukes;https://www.gov.uk/government/collections/renewable-energy-planning-data,UK Renewable Energy Planning Database,2016,,,,,7.670736072
GBR,,United Kingdom,Culligran,GBR1000379,17,57.346,-4.7627,Hydro,,,,,Scottish and Southern: Hydro Schemes - Affric/Beauly,Department for Business Energy & Industrial Strategy,https://www.gov.uk/government/collections/digest-of-uk-energy-statistics-dukes;https://www.gov.uk/government/collections/renewable-energy-planning-data,CARMA,2016,,,,,39.5159131
GBR,,United Kingdom,Culligran Compensation Set,GBR1000380,2.1,57.346,-4.7627,Hydro,,,,,Scottish and Southern: Hydro Schemes - Affric/Beauly,Department for Business Energy & Industrial Strategy,https://www.gov.uk/government/collections/digest-of-uk-energy-statistics-dukes;https://www.gov.uk/government/collections/renewable-energy-planning-data,CARMA,2016,,,,,4.8813775
GBR,United Kingdom,Drumjohn,GBR1000457,2,54.941,-3.9278,Hydro,,,,,Scottish Power: Hydro schemes - Galloway,Department for Business Energy & Industrial Strategy,https://www.gov.uk/government/collections/digest-of-uk-energy-statistics-dukes;https://www.gov.uk/government/collections/renewable-energy-planning-data,CARMA,2016,,,,,4.649,
,GBR,United Kingdom,Drummond Moor Landfill,GBR0000799,2,55.8822,-3.0774,Waste,,,,,Waste Recycling Group,Department for Business Energy & Industrial Strategy,https://www.gov.uk/government/collections/digest-of-uk-energy-statistics-dukes;https://www.gov.uk/government/collections/renewable-energy-planning-data,UK Renewable Energy Planning Database,2016,,,,,4.338203696
,GBR,United Kingdom,Dryholme Farm (Farm AD),GBR0000267,1,54.8563,-3.3586,Biomass,,,,,Kirk Environmental,Department for Business Energy & Industrial Strategy,https://www.gov.uk/government/collections/digest-of-uk-energy-statistics-dukes;https://www.gov.uk/government/collections/renewable-energy-planning-data,UK Renewable Energy Planning Database,2016,,,,,6.743264416
,GBR,United Kingdom,Dudley EfW,GBR0000813,7.4,52.4998,-2.0854,Waste,,,,,MES Environmental (CNIM Group),Department for Business Energy & Industrial Strategy,https://www.gov.uk/government/collections/digest-of-uk-energy-statistics-dukes;https://www.gov.uk/government/collections/renewable-energy-planning-data,UK Renewable Energy Planning Database,2016,,,,,16.05135367
,GBR,United Kingdom,Dummuie,GBR0003200,12.3,57.4511,-2.6915,Wind,,,,,Tetro Energy Ltd (ECO2),Department for Business Energy & Industrial Strategy,https://www.gov.uk/government/collections/digest-of-uk-energy-statistics-dukes;https://www.gov.uk/government/collections/renewable-energy-planning-data,UK Renewable Energy Planning Database,2016,,,,,21.16273321
,GBR,United Kingdom,Dyffryn Brodyn Wind Farm,GBR0002956,5.5,51.9112,-4.5907,Wind,,,,,RES,Department for Business Energy & Industrial Strategy,https://www.gov.uk/government/collections/digest-of-uk-energy-statistics-dukes;https://www.gov.uk/government/collections/renewable-energy-planning-data,UK Renewable Energy Planning Database,2016,,,,,9.463010783
,GBR,United Kingdom,EASTACOMBE SOLAR FARM,GBR0001610,3.6,50.773,-4.3353,Solar,,,,,The Green Company (Europe) Limited,Department for Business Energy & Industrial Strategy,https://www.gov.uk/government/collections/digest-of-uk-energy-statistics-dukes;https://www.gov.uk/government/collections/renewable-energy-planning-data,UK Renewable Energy Planning Database,2016,,,,,1.777636889
,GBR,United Kingdom,Eaglescliffe Solar Farm,GBR0005359,5,54.5409,-1.3552,Solar,,,,,UK Sustainable Energy,Department for Business Energy & Industrial Strategy,https://www.gov.uk/government/collections/digest-of-uk-energy-statistics-dukes;https://www.gov.uk/government/collections/renewable-energy-planning-data,UK Renewable Energy Planning Database,2016,,,,,2.468940124
,GBR,United Kingdom,Eakring Solar Farm,GBR0002320,11.9,53.1547,-1.014,Solar,,,,,Lightsource Renewable Energy,Department for Business Energy & Industrial Strategy,https://www.gov.uk/government/collections/digest-of-uk-energy-statistics-dukes;https://www.gov.uk/government/collections/renewable-energy-planning-data,UK Renewable Energy Planning Database,2016,,,,,5.876077494
,GBR,United Kingdom,Earl's Hall,GBR0003943,10.3,51.8092,1.1109,Wind,,,,,Greencoat UK Wind,Department for Business Energy & Industrial Strategy,https://www.gov.uk/government/collections/digest-of-uk-energy-statistics-dukes;https://www.gov.uk/government/collections/renewable-energy-planning-data,UK Renewable Energy Planning Database,2016,,,,,17.72163838
,GBR,United Kingdom,Earlsburn,GBR0003201,37.5,56.0708,-4.0955,Wind,,,,,Falck Renewables,Department for Business Energy & Industrial Strategy,https://www.gov.uk/government/collections/digest-of-uk-energy-statistics-dukes;https://www.gov.uk/government/collections/renewable-energy-planning-data,UK Renewable Energy Planning Database,2016,,,,,64.52052807
,GBR,United Kingdom,Earlsburn North (Kingsburn) Wind Farm,GBR0004247,22.5,56.089,-4.1231,Wind,,,,,Falck Renewables,Department for Business Energy & Industrial Strategy,https://www.gov.uk/government/collections/digest-of-uk-energy-statistics-dukes;https://www.gov.uk/government/collections/renewable-energy-planning-data,UK Renewable Energy Planning Database,2016,,,,,38.71231684
,GBR,United Kingdom,Earlseat,GBR0004363,18.4,56.1737,-3.0813,Wind,,,,,The Renewables Infrastructure Group (TRIG),Department for Business Energy & Industrial Strategy,https://www.gov.uk/government/collections/digest-of-uk-energy-statistics-dukes;https://www.gov.uk/government/collections/renewable-energy-planning-data,UK Renewable Energy Planning Database,2016,,,,,31.65807244
,GBR,United Kingdom,Earlstoun,GBR1000458,14,54.941,-3.9278,Hydro,,,,,Scottish Power: Hydro schemes - Galloway,Department for Business Energy & Industrial Strategy,https://www.gov.uk/government/collections/digest-of-uk-energy-statistics-dukes;https://www.gov.uk/government/collections/renewable-energy-planning-data,CARMA,2016,,,,,32.54251667
,GBR,United Kingdom,Eas a Ghaill,GBR0005947,1.5,56.4044,-4.925,Hydro,,,,,Gilkes Energy,Department for Business Energy & Industrial Strategy,https://www.gov.uk/government/collections/digest-of-uk-energy-statistics-dukes;https://www.gov.uk/government/collections/renewable-energy-planning-data,UK Renewable Energy Planning Database,2016,,,,,3.486698214
,GBR,United Kingdom,Easington Farm (Chalgrove),GBR0002333,21.3,51.6705,-1.0597,Solar,,,,,Chalgrove Solar,Department for Business Energy & Industrial Strategy,https://www.gov.uk/government/collections/digest-of-uk-energy-statistics-dukes;https://www.gov.uk/government/collections/renewable-energy-planning-data,UK Renewable Energy Planning Database,2016,,,,,10.51768493
,GBR,United Kingdom,East Dagenham Docks AD (AD),GBR0000281,1.4,51.5212,0.1375,Biomass,,,,,Lynton Development Ltd & Teg Environmental Ltd,Department for Business Energy & Industrial Strategy,https://www.gov.uk/government/collections/digest-of-uk-energy-statistics-dukes;https://www.gov.uk/government/collections/renewable-energy-planning-data,UK Renewable Energy Planning Database,2016,,,,,9.440570182
,GBR,United Kingdom,East Fairlee,GBR0001762,7.3,50.7106,-1.1375,Solar,,,,,The Solar Building Company Ltd,Department for Business Energy & Industrial Strategy,https://www.gov.uk/government/collections/digest-of-uk-energy-statistics-dukes;https://www.gov.uk/government/collections/renewable-energy-planning-data,UK Renewable Energy Planning Database,2016,,,,,3.60465258
,GBR,United Kingdom,East Langford Farm,GBR0001022,5,50.8701,-4.4271,Solar,,,,,Low carbon Solar Partners,Department for Business Energy & Industrial Strategy,https://www.gov.uk/government/collections/digest-of-uk-energy-statistics-dukes;https://www.gov.uk/government/collections/renewable-energy-planning-data,UK Renewable Energy Planning Database,2016,,,,,2.468940124
,UK,United Kingdom,East Lenham Solar Farm,GBR0001816,6.6,51.2274,0.7119,Solar,,,,,Laurence Associates,Department for Business Energy & Industrial Strategy,https://www.gov.uk/government/collections/digest-of-uk-energy-statistics-dukes;https://www.gov.uk/government/collections/renewable-energy-planning-data,UK Renewable Energy Planning Database,2016,,,,,3.259000963
,GBR,United Kingdom,East Midlands Airport,GBR0004113,1,52.8262,-1.3427,Wind,,,,,Wind Direct,Department for Business Energy & Industrial Strategy,https://www.gov.uk/government/collections/digest-of-uk-energy-statistics-dukes;https://www.gov.uk/government/collections/renewable-energy-planning-data,UK Renewable Energy Planning Database,2016,,,,,1.720547415
,GBR,United Kingdom,East Midlands Distribution Centre,GBR0004694,6.1,52.8505,-1.3576,Solar,,,,,Marks and Spencer plc,Department for Business Energy & Industrial Strategy,https://www.gov.uk/government/collections/digest-of-uk-energy-statistics-dukes;https://www.gov.uk/government/collections/renewable-energy-planning-data,UK Renewable Energy Planning Database,2016,,,,,3.012106951
,GBR,United Kingdom,East Youlstone Wind Farm,GBR0004168,4,50.9173,-4.4465,Wind,,,,,Airvolution Energy,Department for Business Energy & Industrial Strategy,https://www.gov.uk/government/collections/digest-of-uk-energy-statistics-dukes;https://www.gov.uk/government/collections/renewable-energy-planning-data,UK Renewable Energy Planning Database,2016,,,,,6.882189661
,UK,United Kingdom,Eastcroft EfW (Lines 1 & 2),GBR0005780,9,52.9461,-1.1353,Waste,,,,,FCC Environment,Department for Business Energy & Industrial Strategy,https://www.gov.uk/government/collections/digest-of-uk-energy-statistics-dukes;https://www.gov.uk/government/collections/renewable-energy-planning-data,UK Renewable Energy Planning Database,2016,,,,,19.52191663
,UK,United Kingdom,Easter Melrose Wind Energy Project,GBR0003819,1.5,57.6606,-2.4175,Wind,,,,,Melrose Farms,Department for Business Energy & Industrial Strategy,https://www.gov.uk/government/collections/digest-of-uk-energy-statistics-dukes;https://www.gov.uk/government/collections/renewable-energy-planning-data,UK Renewable Energy Planning Database,2016,,,,,2.580821123
,UK,United Kingdom,Easter Tolmauds,GBR0004133,1.6,57.157,-2.6219,Wind,,,,,Frank A Smart & Son Ltd,Department for Business Energy & Industrial Strategy,https://www.gov.uk/government/collections/digest-of-uk-energy-statistics-dukes;https://www.gov.uk/government/collections/renewable-energy-planning-data,UK Renewable Energy Planning Database,2016,,,,,2.752875864
,UK,United Kingdom,Easter Tulloch Wind Farm (Tullo Extension),GBR0004365,25,56.8364,-2.3957,Wind,,,,,N R Gammie Partnership,Department for Business Energy & Industrial Strategy,https://www.gov.uk/government/collections/digest-of-uk-energy-statistics-dukes;https://www.gov.uk/government/collections/renewable-energy-planning-data,UK Renewable Energy Planning Database,2016,,,,,43.01368538
,UK,United Kingdom,Eastman Chemicals  Workington,GBR0002935,4,54.6712,-3.5401,Wind,,,,,,Department for Business Energy & Industrial Strategy,https://www.gov.uk/government/collections/digest-of-uk-energy-statistics-dukes;https://www.gov.uk/government/collections/renewable-energy-planning-data,UK Renewable Energy Planning Database,2016,,,,,6.882189661
,UK,United Kingdom,Ebbsfleet Farm Solar Farm,GBR0001041,4.9,51.3157,1.3458,Solar,,,,,GKA Limited,Department for Business Energy & Industrial Strategy,https://www.gov.uk/government/collections/digest-of-uk-energy-statistics-dukes;https://www.gov.uk/government/collections/renewable-energy-planning-data,UK Renewable Energy Planning Database,2016,,,,,2.419561321
,UK,United Kingdom,Ebbsfleet Solar Farm,GBR0001981,5,51.3105,1.3389,Solar,,,,,Thanet Solar Ltd/ Vogt Solar,Department for Business Energy & Industrial Strategy,https://www.gov.uk/government/collections/digest-of-uk-energy-statistics-dukes;https://www.gov.uk/government/collections/renewable-energy-planning-data,UK Renewable Energy Planning Database,2016,,,,,2.468940124
,UK,United Kingdom,Ebnal Lodge (resubmission),GBR0005834,5,52.9001,-3.0152,Solar,,,,,Greencoat Capital,Department for Business Energy & Industrial Strategy,https://www.gov.uk/government/collections/digest-of-uk-energy-statistics-dukes;https://www.gov.uk/government/collections/renewable-energy-planning-data,UK Renewable Energy Planning Database,2016,,,,,2.468940124
,UK,United Kingdom,Eccleshall Biomass,GBR0000058,2.6,52.8746,-2.2467,Biomass,,,,,Eccleshal Biomass,Department for Business Energy & Industrial Strategy,https://www.gov.uk/government/collections/digest-of-uk-energy-statistics-dukes;https://www.gov.uk/government/collections/renewable-energy-planning-data,UK Renewable Energy Planning Database,2016,,,,,17.53248748
,UK,United Kingdom,Eckland Lodge Farm,GBR0004705,2.9,52.4584,-0.843,Solar,,,,,Stuart Howes & Son / Eckland Lodge Business Park,Department for Business Energy & Industrial Strategy,https://www.gov.uk/government/collections/digest-of-uk-energy-statistics-dukes;https://www.gov.uk/government/collections/renewable-energy-planning-data,UK Renewable Energy Planning Database,2016,,,,,1.431985272
,UK,United Kingdom,Eco Composting,GBR0000139,3.2,50.786,-1.8569,Biomass,,,,,Eco Sustainable Solutions,Department for Business Energy & Industrial Strategy,https://www.gov.uk/government/collections/digest-of-uk-energy-statistics-dukes;https://www.gov.uk/government/collections/renewable-energy-planning-data,UK Renewable Energy Planning Database,2016,,,,,21.57844613
,UK,United Kingdom,Ederline Hydro,GBR0000445,1.9,56.1778,-5.3402,Hydro,,,,,Gilkes Energy,Department for Business Energy & Industrial Strategy,https://www.gov.uk/government/collections/digest-of-uk-energy-statistics-dukes;https://www.gov.uk/government/collections/renewable-energy-planning-data,UK Renewable Energy Planning Database,2016,,,,,4.416484405
,UK,United Kingdom,Edinbane Wind Farm,GBR0004674,41.4,57.4691,-6.4322,Wind,,,,,Vattenfall,Department for Business Energy & Industrial Strategy,https://www.gov.uk/government/collections/digest-of-uk-energy-statistics-dukes;https://www.gov.uk/government/collections/renewable-energy-planning-data,UK Renewable Energy Planning Database,2016,,,,,71.23066299
,GBR,United Kingdom,Little Byth,GBR0003722,4.5,57.607,-2.2901,Wind,,,,,Lovie Ltd,Department for Business Energy & Industrial Strategy,https://www.gov.uk/government/collections/digest-of-uk-energy-statistics-dukes;https://www.gov.uk/government/collections/renewable-energy-planning-data,UK Renewable Energy Planning Database,2016,,,,,7.742463368
,GBR,United Kingdom,Little Cheyne Court Wind Farm,GBR0003096,59.8,50.9638,0.8227,Wind,,,,,RWE npower,Department for Business Energy & Industrial Strategy,https://www.gov.uk/government/collections/digest-of-uk-energy-statistics-dukes;https://www.gov.uk/government/collections/renewable-energy-planning-data,UK Renewable Energy Planning Database,2016,,,,,102.8887354
,GBR,United Kingdom,Little Irchester  Higham Road Solar Farm,GBR0005158,4.6,52.2894,-0.6548,Solar,,,,,Lark Energy,Department for Business Energy & Industrial Strategy,https://www.gov.uk/government/collections/digest-of-uk-energy-statistics-dukes;https://www.gov.uk/government/collections/renewable-energy-planning-data,UK Renewable Energy Planning Database,2016,,,,,2.271424914
,GBR,United Kingdom,Little Morton Solar Farm,GBR0001497,14.3,53.3039,-0.9932,Solar,,,,,Lightsource Renewable Energy,Department for Business Energy & Industrial Strategy,https://www.gov.uk/government/collections/digest-of-uk-energy-statistics-dukes;https://www.gov.uk/government/collections/renewable-energy-planning-data,UK Renewable Energy Planning Database,2016,,,,,7.061168754
,GBR,United Kingdom,Little Raith Farm,GBR0004034,25,56.1194,-3.2522,Wind,,,,,Kennedy Power Ltd,Department for Business Energy & Industrial Strategy,https://www.gov.uk/government/collections/digest-of-uk-energy-statistics-dukes;https://www.gov.uk/government/collections/renewable-energy-planning-data,UK Renewable Energy Planning Database,2016,,,,,43.01368538
,GBR,United Kingdom,Little White Alice Solar Park,GBR0001098,1.3,50.1707,-5.2253,Solar,,,,,Little White Alice Ltd,Department for Business Energy & Industrial Strategy,https://www.gov.uk/government/collections/digest-of-uk-energy-statistics-dukes;https://www.gov.uk/government/collections/renewable-energy-planning-data,UK Renewable Energy Planning Database,2016,,,,,0.641924432
,GBR,United Kingdom,Littlebourne,GBR0002379,17,51.2738,1.1439,Solar,,,,,Bluefield Solar Income Fund,Department for Business Energy & Industrial Strategy,https://www.gov.uk/government/collections/digest-of-uk-energy-statistics-dukes;https://www.gov.uk/government/collections/renewable-energy-planning-data,UK Renewable Energy Planning Database,2016,,,,,8.39439642
,GBR,United Kingdom,Littleton,GBR0004840,12.1,50.8449,-2.1671,Solar,,,,,Lightsource Renewable Energy,Department for Business Energy & Industrial Strategy,https://www.gov.uk/government/collections/digest-of-uk-energy-statistics-dukes;https://www.gov.uk/government/collections/renewable-energy-planning-data,UK Renewable Energy Planning Database,2016,,,,,5.974835099
,GBR,United Kingdom,Littlewood Farm,GBR0002182,14,52.1267,-0.8052,Solar,,,,,,Department for Business Energy & Industrial Strategy,https://www.gov.uk/government/collections/digest-of-uk-energy-statistics-dukes;https://www.gov.uk/government/collections/renewable-energy-planning-data,UK Renewable Energy Planning Database,2016,,,,,6.913032346
