country,country_long,name,gppd_idnr,capacity_mw,latitude,longitude,fuel1,fuel2,fuel3,fuel4,commissioning_year,owner,source,url,geolocation_source,year_of_capacity_data,generation_gwh_2013,generation_gwh_2014,generation_gwh_2015,generation_gwh_2016,estimated_generation_gwh
AUS,Australia,Reece,AUS0000141,238,-41.7238,145.1359,Hydro,,,,1994,Hydro-Electric Corporation (Tasmania),Australian Renewable Energy Mapping Infrastructure,http://services.ga.gov.au/site_3/rest/services/Electricity_Infrastructure/MapServer,http://services.ga.gov.au/site_3/rest/services/Electricity_Infrastructure/MapServer,2012,,,,,539.3678953
AUS,Australia,Remount,AUS0000115,2.2,-41.395,147.1554,Waste,,,,2010,LMS Energy Generation Pty Ltd,Australian Renewable Energy Mapping Infrastructure,http://services.ga.gov.au/site_3/rest/services/Electricity_Infrastructure/MapServer,http://services.ga.gov.au/site_3/rest/services/Electricity_Infrastructure/MapServer,2012,,,,,0
AUS,Australia,Repulse,AUS0000120,28,-42.5077,146.647,Hydro,,,,,Hydro-Electric Corporation (Tasmania),Australian Renewable Energy Mapping Infrastructure,http://services.ga.gov.au/site_3/rest/services/Electricity_Infrastructure/MapServer,http://services.ga.gov.au/site_3/rest/services/Electricity_Infrastructure/MapServer,2012,,,,,63.4550465
AUS,Australia,Revesby Workers Club,AUS0000317,2.5,-33.9534,151.0137,Oil,,,,,Revesby Workers Club,Australian Renewable Energy Mapping Infrastructure,http://services.ga.gov.au/site_3/rest/services/Electricity_Infrastructure/MapServer,http://services.ga.gov.au/site_3/rest/services/Electricity_Infrastructure/MapServer,2012,,,,,12.19031778
AUS,Australia,Rochedale,AUS0000073,4.2,-27.5591,153.1236,Waste,,,,2014,LMS Energy Generation Pty Ltd,Australian Renewable Energy Mapping Infrastructure,http://services.ga.gov.au/site_3/rest/services/Electricity_Infrastructure/MapServer,http://services.ga.gov.au/site_3/rest/services/Electricity_Infrastructure/MapServer,2012,,,,,0
AUS,Australia,Rockingham,AUS0000358,2.1,-32.2863,115.8154,Waste,,,,1978,AGL Energy Pty Ltd,Australian Renewable Energy Mapping Infrastructure,http://services.ga.gov.au/site_3/rest/services/Electricity_Infrastructure/MapServer,http://services.ga.gov.au/site_3/rest/services/Electricity_Infrastructure/MapServer,2012,,,,,0
AUS,Australia,Rocky Point Sugar Sugar Mill,AUS0000060,30,-27.7334,153.3276,Biomass,,,,,Stanwell Corporation Ltd,Australian Renewable Energy Mapping Infrastructure,http://services.ga.gov.au/site_3/rest/services/Electricity_Infrastructure/MapServer,http://services.ga.gov.au/site_3/rest/services/Electricity_Infrastructure/MapServer,2012,,,,,220.3556485
AUS,Australia,Roghan Road,AUS0000072,1,-27.3388,153.0344,Waste,,,,,Energy Developments LFG (Qld) Pty Ltd,Australian Renewable Energy Mapping Infrastructure,http://services.ga.gov.au/site_3/rest/services/Electricity_Infrastructure/MapServer,http://services.ga.gov.au/site_3/rest/services/Electricity_Infrastructure/MapServer,2012,,,,,0
AUS,Australia,Roma,AUS0000147,80,-26.5772,148.8402,Gas,,,,2015,Origin Energy,Australian Renewable Energy Mapping Infrastructure,http://services.ga.gov.au/site_3/rest/services/Electricity_Infrastructure/MapServer,http://services.ga.gov.au/site_3/rest/services/Electricity_Infrastructure/MapServer,2012,,,,,207.8207883
AUS,Australia,Ron Goodin,AUS0000254,59.6,-23.7091,133.8912,Gas,,,,,NT Power and Water,Australian Renewable Energy Mapping Infrastructure,http://services.ga.gov.au/site_3/rest/services/Electricity_Infrastructure/MapServer,http://services.ga.gov.au/site_3/rest/services/Electricity_Infrastructure/MapServer,2012,,,,,154.8264873
AUS,Australia,Rowallan,AUS0000129,10.5,-41.7295,146.2176,Hydro,,,,,Hydro-Electric Corporation (Tasmania),Australian Renewable Energy Mapping Infrastructure,http://services.ga.gov.au/site_3/rest/services/Electricity_Infrastructure/MapServer,http://services.ga.gov.au/site_3/rest/services/Electricity_Infrastructure/MapServer,2012,,,,,23.79564244
AUS,Australia,Rubicon,AUS0000095,9.6,-37.3272,145.8605,Hydro,,,,,AGL Energy Pty Ltd,Australian Renewable Energy Mapping Infrastructure,http://services.ga.gov.au/site_3/rest/services/Electricity_Infrastructure/MapServer,http://services.ga.gov.au/site_3/rest/services/Electricity_Infrastructure/MapServer,2012,,,,,21.75601594
AUS,Australia,Savannah Nickel Mine,AUS0000407,10.8,-17.3631,128.0331,Oil,,,,,Contract Power,Australian Renewable Energy Mapping Infrastructure,http://services.ga.gov.au/site_3/rest/services/Electricity_Infrastructure/MapServer,http://services.ga.gov.au/site_3/rest/services/Electricity_Infrastructure/MapServer,2012,,,,,52.66217281
AUS,Australia,Shenton Park WMRC Project,AUS0000328,1,-31.9577,115.7924,Waste,,,,,AnaeCo Ltd,Australian Renewable Energy Mapping Infrastructure,http://services.ga.gov.au/site_3/rest/services/Electricity_Infrastructure/MapServer,http://services.ga.gov.au/site_3/rest/services/Electricity_Infrastructure/MapServer,2012,,,,,0
AUS,Australia,Shepparton Biogas Generation Plant,AUS0000017,1.1,-36.3218,145.379,Waste,,,,,Diamond Energy Pty Ltd,Australian Renewable Energy Mapping Infrastructure,http://services.ga.gov.au/site_3/rest/services/Electricity_Infrastructure/MapServer,http://services.ga.gov.au/site_3/rest/services/Electricity_Infrastructure/MapServer,2012,,,,,0
AUS,Australia,Smithfield Energy,AUS0000286,170.9,-33.85,150.9495,Gas,,,,,Marubeni Australia Power Services,Australian Renewable Energy Mapping Infrastructure,http://services.ga.gov.au/site_3/rest/services/Electricity_Infrastructure/MapServer,http://services.ga.gov.au/site_3/rest/services/Electricity_Infrastructure/MapServer,2012,,,,,443.957159
AUS,Australia,Snowtown Wind Farm Stage 1,AUS0000005,98.7,-33.7215,138.1471,Wind,,,,1957,TrustPower Ltd,Australian Renewable Energy Mapping Infrastructure,http://services.ga.gov.au/site_3/rest/services/Electricity_Infrastructure/MapServer,http://services.ga.gov.au/site_3/rest/services/Electricity_Infrastructure/MapServer,2012,,,,,237.8984243
AUS,Australia,Snowtown Wind Farm Stage 2,AUS0000456,98.7,-33.8301,138.1184,Wind,,,,2012,TrustPower Ltd,Australian Renewable Energy Mapping Infrastructure,http://services.ga.gov.au/site_3/rest/services/Electricity_Infrastructure/MapServer,http://services.ga.gov.au/site_3/rest/services/Electricity_Infrastructure/MapServer,2012,,,,,237.89842
AUS,Australia,Snuggery,AUS0000245,63,-37.6646,140.4156,Gas,,,,,International Power - GDF Suez Australia,Australian Renewable Energy Mapping Infrastructure,http://services.ga.gov.au/site_3/rest/services/Electricity_Infrastructure/MapServer,http://services.ga.gov.au/site_3/rest/services/Electricity_Infrastructure/MapServer,2012,,,,,163.65887
AUS,Australia,Solomon Iron Ore Mine,AUS0000458,125,-22.1581,117.9849,Gas,,,,,,Australian Renewable Energy Mapping Infrastructure,http://services.ga.gov.au/site_3/rest/services/Electricity_Infrastructure/MapServer,http://services.ga.gov.au/site_3/rest/services/Electricity_Infrastructure/MapServer,,,,,,324.71998
AUS,Australia,Somerton,AUS0000096,160,-37.6318,144.9531,Gas,,,,2004,AGL Energy Pty Ltd,Australian Renewable Energy Mapping Infrastructure,http://services.ga.gov.au/site_3/rest/services/Electricity_Infrastructure/MapServer,http://services.ga.gov.au/site_3/rest/services/Electricity_Infrastructure/MapServer,2012,,,,,415.64158
AUS,Australia,South Cardup (Shale Road Landfill),AUS0000359,3.3,-32.2664,116.0193,Waste,,,,,Western Australian Landfill Services,Australian Renewable Energy Mapping Infrastructure,http://services.ga.gov.au/site_3/rest/services/Electricity_Infrastructure/MapServer,http://services.ga.gov.au/site_3/rest/services/Electricity_Infrastructure/MapServer,2012,,,,,0
AUS,Australia,South Johnstone,AUS0000374,20,-17.6057,145.991,Biomass,,,,1995,MSF Sugar,Australian Renewable Energy Mapping Infrastructure,http://services.ga.gov.au/site_3/rest/services/Electricity_Infrastructure/MapServer,http://services.ga.gov.au/site_3/rest/services/Electricity_Infrastructure/MapServer,2012,,,,,146.9037657
AUS,Australia,Springvale,AUS0000071,4.12,-37.9733,145.1396,Waste,,,,,Energy Developments LFG (Victoria) Pty Ltd,Australian Renewable Energy Mapping Infrastructure,http://services.ga.gov.au/site_3/rest/services/Electricity_Infrastructure/MapServer,http://services.ga.gov.au/site_3/rest/services/Electricity_Infrastructure/MapServer,2012,,,,,0
AUS,Australia,St George Leagues Club,AUS0000318,1.5,-33.9748,151.1294,Oil,,,,,St George Leagues Club,Australian Renewable Energy Mapping Infrastructure,http://services.ga.gov.au/site_3/rest/services/Electricity_Infrastructure/MapServer,http://services.ga.gov.au/site_3/rest/services/Electricity_Infrastructure/MapServer,2012,,,,,7.314190668
AUS,Australia,Stanwell,AUS0000168,1460,-23.5097,150.3195,Coal,,,,,Stanwell Corporation Ltd,Australian Renewable Energy Mapping Infrastructure,http://services.ga.gov.au/site_3/rest/services/Electricity_Infrastructure/MapServer,http://services.ga.gov.au/site_3/rest/services/Electricity_Infrastructure/MapServer,2012,,,,,7178.738327
AUS,Australia,Stapylton Green Energy,AUS0000347,4.8,-27.7334,153.2463,Biomass,,,,,Stapylton Green Energy,Australian Renewable Energy Mapping Infrastructure,http://services.ga.gov.au/site_3/rest/services/Electricity_Infrastructure/MapServer,http://services.ga.gov.au/site_3/rest/services/Electricity_Infrastructure/MapServer,2012,,,,,35.25690377
AUS,Australia,Starfish Hill Wind Farm,AUS0000052,34.5,-35.5678,138.1432,Wind,,,,,RATCH-Australia,Australian Renewable Energy Mapping Infrastructure,http://services.ga.gov.au/site_3/rest/services/Electricity_Infrastructure/MapServer,http://services.ga.gov.au/site_3/rest/services/Electricity_Infrastructure/MapServer,2012,,,,,83.15598418
AUS,Australia,Studland Bay (Woolnorth) Wind Farm,AUS0000010,75,-40.7788,144.7362,Wind,,,,,Hydro-Electric Corporation (Tasmania),Australian Renewable Energy Mapping Infrastructure,http://services.ga.gov.au/site_3/rest/services/Electricity_Infrastructure/MapServer,http://services.ga.gov.au/site_3/rest/services/Electricity_Infrastructure/MapServer,2012,,,,,180.7738787
AUS,Australia,Summerhill,AUS0000033,2.2,-32.8885,151.643,Waste,,,,1995,LMS Energy Generation Pty Ltd,Australian Renewable Energy Mapping Infrastructure,http://services.ga.gov.au/site_3/rest/services/Electricity_Infrastructure/MapServer,http://services.ga.gov.au/site_3/rest/services/Electricity_Infrastructure/MapServer,2012,,,,,0
AUS,Australia,Suncoast Gold Macadamia,AUS0000059,1.5,-26.2261,152.6981,Biomass,,,,,AGL Energy Pty Ltd,Australian Renewable Energy Mapping Infrastructure,http://services.ga.gov.au/site_3/rest/services/Electricity_Infrastructure/MapServer,http://services.ga.gov.au/site_3/rest/services/Electricity_Infrastructure/MapServer,2012,,,,,11.01778243
ECU,Ecuador,Alao,WRI1018590,10,-1.9,-78.4833,Hydro,,,,,E.E. Riobamba,Agencia de Regulacion y Control de Electricidad,http://www.regulacionelectrica.gob.ec/wp-content/uploads/downloads/2015/12/vol1-Resumen-Ejecutivo-PME-2013-2022.pdf,http://www.regulacionelectrica.gob.ec/wp-content/uploads/downloads/2015/12/vol1-Resumen-Ejecutivo-PME-2013-2022.pdf,,69.12,,,,35.20858428
ECU,Ecuador,Alvaro Tinajero,WRI1018591,95,-2.1667,-79.9,Gas,,,,,Electrica de Guayaquil,Agencia de Regulacion y Control de Electricidad,http://www.regulacionelectrica.gob.ec/wp-content/uploads/downloads/2015/12/vol1-Resumen-Ejecutivo-PME-2013-2022.pdf,http://www.regulacionelectrica.gob.ec/wp-content/uploads/downloads/2015/12/vol1-Resumen-Ejecutivo-PME-2013-2022.pdf,,121.8,,,,650.9296429
ECU,Ecuador,Calope,WRI1018594,18,1.7167,-78.7667,Hydro,,,,,Enermax,Agencia de Regulacion y Control de Electricidad,http://www.regulacionelectrica.gob.ec/wp-content/uploads/downloads/2015/12/vol1-Resumen-Ejecutivo-PME-2013-2022.pdf,http://www.regulacionelectrica.gob.ec/wp-content/uploads/downloads/2015/12/vol1-Resumen-Ejecutivo-PME-2013-2022.pdf,,90,,,,63.37545171
ECU,Ecuador,Catamayo,WRI1018595,19.74,-3.9833,-79.35,Oil,,,,,Regional Sur,Agencia de Regulacion y Control de Electricidad,http://www.regulacionelectrica.gob.ec/wp-content/uploads/downloads/2015/12/vol1-Resumen-Ejecutivo-PME-2013-2022.pdf,http://www.regulacionelectrica.gob.ec/wp-content/uploads/downloads/2015/12/vol1-Resumen-Ejecutivo-PME-2013-2022.pdf,,10,,,,384.4123028
ECU,Ecuador,Central Termica Trinitaria,WRI1018598,133,-2.2519,-79.91,Oil,,,,,Electroguayas,Agencia de Regulacion y Control de Electricidad,http://www.regulacionelectrica.gob.ec/wp-content/uploads/downloads/2015/12/vol1-Resumen-Ejecutivo-PME-2013-2022.pdf,http://www.regulacionelectrica.gob.ec/wp-content/uploads/downloads/2015/12/vol1-Resumen-Ejecutivo-PME-2013-2022.pdf,,629.48,,,,2590.011969
ECU,Ecuador,Coca Coda Sinclair,WRI1018599,1500,0.1443,-77.617,Hydro,,,,,Cocasinclair EP,Agencia de Regulacion y Control de Electricidad,http://www.power-technology.com/projects/coca-codo-sinclair-hydroelectric-project/,http://www.power-technology.com/projects/coca-codo-sinclair-hydroelectric-project/,,8743,,,,5281.287642
ECU,Ecuador,Electroquil,WRI1018603,181,-2.2333,-80.0667,Gas,,,,2004,Electroquil,Agencia de Regulacion y Control de Electricidad,http://www.regulacionelectrica.gob.ec/wp-content/uploads/downloads/2015/12/vol1-Resumen-Ejecutivo-PME-2013-2022.pdf,http://www.regulacionelectrica.gob.ec/wp-content/uploads/downloads/2015/12/vol1-Resumen-Ejecutivo-PME-2013-2022.pdf,,217.06,,,,1240.192267
ECU,Ecuador,Esmeraldas,WRI1018604,132.5,0.9266,-79.6878,Oil,,,,,Termoesmeraldas,Agencia de Regulacion y Control de Electricidad,http://www.regulacionelectrica.gob.ec/wp-content/uploads/downloads/2015/12/vol1-Resumen-Ejecutivo-PME-2013-2022.pdf,http://www.regulacionelectrica.gob.ec/wp-content/uploads/downloads/2015/12/vol1-Resumen-Ejecutivo-PME-2013-2022.pdf,,755.35,,,,2580.275082
ECU,Ecuador,Esmeraldas II,WRI1022989,96,0.9349,-79.6914,Oil,,,,,CELEC EP,Ministerio de Electricidad y Energia Renovable,http://www.energia.gob.ec/esmeraldas/,http://www.energia.gob.ec/esmeraldas/,,,,,,1869.482324
ECU,Ecuador,Gonzalo Zevallos,WRI1018606,146,2.1957,-79.9539,Gas,,,,,Electroguayas,Agencia de Regulacion y Control de Electricidad,http://www.regulacionelectrica.gob.ec/wp-content/uploads/downloads/2015/12/vol1-Resumen-Ejecutivo-PME-2013-2022.pdf,http://www.regulacionelectrica.gob.ec/wp-content/uploads/downloads/2015/12/vol1-Resumen-Ejecutivo-PME-2013-2022.pdf,,687,,,,1000.376083
ECU,Ecuador,Gualberto Hernandez,WRI1018607,34.32,-0.2299,-78.525,Oil,,,,,EEQ SA,Agencia de Regulacion y Control de Electricidad,http://www.regulacionelectrica.gob.ec/wp-content/uploads/downloads/2015/12/vol1-Resumen-Ejecutivo-PME-2013-2022.pdf,http://www.regulacionelectrica.gob.ec/wp-content/uploads/downloads/2015/12/vol1-Resumen-Ejecutivo-PME-2013-2022.pdf,,142.15,,,,668.3399307
ECU,Ecuador,Guangopolo,WRI1018608,20.92,-0.25,-78.45,Hydro,,,,,E.E. Quito,Agencia de Regulacion y Control de Electricidad,http://www.regulacionelectrica.gob.ec/wp-content/uploads/downloads/2015/12/vol1-Resumen-Ejecutivo-PME-2013-2022.pdf,http://www.regulacionelectrica.gob.ec/wp-content/uploads/downloads/2015/12/vol1-Resumen-Ejecutivo-PME-2013-2022.pdf,,86.4,,,,73.65635832
ECU,Ecuador,Manduriacu,WRI1022990,65,#NAME?,-78.9122,Hydro,,,,1998,,Ministerio de Electricidad y Energia Renovable,http://www.energia.gob.ec/manduriacu/,http://www.energia.gob.ec/manduriacu/,,,,,,228.8557978
ECU,Ecuador,Miraflores,WRI1018615,52.3,0.0333,-78.15,Oil,,,,,Termoesmeraldas,Agencia de Regulacion y Control de Electricidad,http://www.regulacionelectrica.gob.ec/wp-content/uploads/downloads/2015/12/vol1-Resumen-Ejecutivo-PME-2013-2022.pdf,http://www.regulacionelectrica.gob.ec/wp-content/uploads/downloads/2015/12/vol1-Resumen-Ejecutivo-PME-2013-2022.pdf,,58,,,,1018.478391
ECU,Ecuador,Paute,WRI1018618,1100,-2.595,-78.2274,Hydro,,,,,CELEC EP,Agencia de Regulacion y Control de Electricidad,http://www.regulacionelectrica.gob.ec/wp-content/uploads/downloads/2015/12/vol1-Resumen-Ejecutivo-PME-2013-2022.pdf,http://www.regulacionelectrica.gob.ec/wp-content/uploads/downloads/2015/12/vol1-Resumen-Ejecutivo-PME-2013-2022.pdf,,5856,,,,3872.944271
ECU,Ecuador,Santa Rosa,WRI1018624,51.3,-0.3667,-78.55,Gas,,,,,Termopichincha,Agencia de Regulacion y Control de Electricidad,http://www.regulacionelectrica.gob.ec/wp-content/uploads/downloads/2015/12/vol1-Resumen-Ejecutivo-PME-2013-2022.pdf,http://www.regulacionelectrica.gob.ec/wp-content/uploads/downloads/2015/12/vol1-Resumen-Ejecutivo-PME-2013-2022.pdf,,17.9,,,,351.5020072
ECU,Ecuador,Saucay,WRI1018625,24,-2.7833,-79,Hydro,,,,2001,Elecaustro,Agencia de Regulacion y Control de Electricidad,http://www.regulacionelectrica.gob.ec/wp-content/uploads/downloads/2015/12/vol1-Resumen-Ejecutivo-PME-2013-2022.pdf,http://www.regulacionelectrica.gob.ec/wp-content/uploads/downloads/2015/12/vol1-Resumen-Ejecutivo-PME-2013-2022.pdf,,141.42,,,,84.50060228
ECU,Ecuador,Saymirin,WRI1018626,14.4,-2.8167,-79,Hydro,,,,1981,Elecaustro,Agencia de Regulacion y Control de Electricidad,http://www.regulacionelectrica.gob.ec/wp-content/uploads/downloads/2015/12/vol1-Resumen-Ejecutivo-PME-2013-2022.pdf,http://www.regulacionelectrica.gob.ec/wp-content/uploads/downloads/2015/12/vol1-Resumen-Ejecutivo-PME-2013-2022.pdf,,96.26,,,,50.70036137
ECU,Ecuador,Sibimbe,WRI1018627,15,-1.5833,-79.4333,Hydro,,,,,Hidrosibimbe,Agencia de Regulacion y Control de Electricidad,http://www.regulacionelectrica.gob.ec/wp-content/uploads/downloads/2015/12/vol1-Resumen-Ejecutivo-PME-2013-2022.pdf,http://www.regulacionelectrica.gob.ec/wp-content/uploads/downloads/2015/12/vol1-Resumen-Ejecutivo-PME-2013-2022.pdf,,89.25,,,,52.81287642
ECU,Ecuador,Sopladora II,WRI1022992,487,-2.5938,-78.5666,Hydro,,,,,CELEC EP,Ministerio de Electricidad y Energia Renovable,http://www.energia.gob.ec/sopladora/,http://www.energia.gob.ec/sopladora/,,2800,,,,1714.658055
IND,India,UMTRU,IND0000478,11.2,26.0069,91.8114,Hydro,,,,,,Central Electricity Authority,http://www.cea.nic.in/,http://www.cea.nic.in/,2016,,,,,17.76208909
IND,India,UNO SUGEN,IND0000480,382.5,21.3411,72.9895,Gas,,,,1992,,Central Electricity Authority,http://www.cea.nic.in/,http://www.cea.nic.in/,2016,,,834.058,,6214.364039
IND,India,UPL Dharapuram Wind Farm,WRI1026759,1.7,10.838,77.5123,Wind,,,,1996,UPL,CDM,https://cdm.unfccc.int/Projects/DB/RWTUV1351718801.6/view,https://cdm.unfccc.int/Projects/DB/RWTUV1351718801.6/view,,,,,,17.31859123
IND,India,URAN ONGC,WRI1019992,62.6,18.8681,72.9293,Gas,,,,2007,Ongc Gas corp,Ongc Gas corp,http://www.ongcindia.com/,http://www.ongcindia.com/,,,,,,1017.043631
IND,India,URUMI,IND0000488,3.75,11.3727,76.0584,Hydro,,,,1992,,Central Electricity Authority,http://www.cea.nic.in/,http://www.cea.nic.in/,2016,,,,,5.947128042
IND,India,Udumalpet Wind Farm,WRI1026066,25.7,10.6143,77.237,Wind,,,,1965,,CDM,https://cdm.unfccc.int/Projects/DB/DNV-CUK1174563974.61/view,https://cdm.unfccc.int/Projects/DB/DNV-CUK1174563974.61/view,,,,,,261.8163498
IND,India,VAIGAI DAM,IND0000492,13.5,10.0537,77.5905,Hydro,,,,,,Central Electricity Authority,http://www.cea.nic.in/,http://www.cea.nic.in/,2016,,,,,21.40966095
IND,India,VARDHAM BUDNI,WRI1020010,25.8,22.7808,77.6515,Coal,,,,,Vardham Vardham group,Vardham Vardham group,https://www.vardhman.com/,https://www.vardhman.com/,,,,,,336.8680923
IND,India,VARDHAM SATLAPUR,WRI1020011,30.75,23.0752,77.5526,Coal,,,,,Vardham Vardham group,Vardham Vardham group,https://www.vardhman.com/,https://www.vardhman.com/,,,,,,401.4997612
IND,India,VASAVADATTA CEMENT,WRI1019936,50.7,17.1605,77.293,Coal,,,,,Kesoram Industries ltd,Kesoram Industries ltd,https://www.kesocorp.com/,https://www.kesocorp.com/,,,,,,661.9849721
ITA,Italy,ENTRACQUE_CHRO,WRI1002882,1064,44.2256,7.3842,Hydro,,,,,,TERNA,http://www.terna.it/en-gb/sistemaelettrico/transparencyreport/generation/installedgenerationcapacity.aspx,http://www.terna.it/en-gb/sistemaelettrico/transparencyreport/generation/installedgenerationcapacity.aspx,,,,508.6,,4790.161519
ITA,Italy,Erika Solar Power Plant,WRI1026402,18.4,37.6892,12.7234,Solar,,,,,,Gestamp Solar,http://www.gestampsolar.com/es/negocio/proyectos-de-investigacion/erika,http://www.gestampsolar.com/es/negocio/proyectos-de-investigacion/erika,,,,,,950.9729141
ITA,Italy,FADALTO,WRI1002883,210,45.9767,12.3033,Hydro,,,,,,TERNA,http://www.terna.it/en-gb/sistemaelettrico/transparencyreport/generation/installedgenerationcapacity.aspx,http://www.terna.it/en-gb/sistemaelettrico/transparencyreport/generation/installedgenerationcapacity.aspx,,,,257,,945.4266156
ITA,Italy,FARINELLO,WRI1021364,54,43.2388,10.9047,Geothermal,,,,,,ENTSOE,https://transparency.entsoe.eu/generation/r2/installedCapacityPerProductionUnit/show,https://transparency.entsoe.eu/generation/r2/installedCapacityPerProductionUnit/show,,,,,,372.7701284
ITA,Italy,FUSINA T.,WRI1002885,871,45.4314,12.2468,Coal,,,,,,ENEL,https://www.enel.it/it-it/documents/azienda/ambiente/dichiarazioni_ambientali/fusina_da2007_2008.pdf,https://www.enel.it/it-it/documents/azienda/ambiente/dichiarazioni_ambientali/fusina_da2007_2008.pdf,,,,5840.5,,4775.769476
ITA,Italy,Flume Santo,WRI1002884,640,40.8461,8.3068,Coal,,,,,EP Produzione,Association of Carbon Italy,https://web.archive.org/web/20140409012424/http://www.eon-italia.com/en/business/generation/power-plants/fiume-santo.html,https://web.archive.org/web/20140409012424/http://www.eon-italia.com/en/business/generation/power-plants/fiume-santo.html,,,,2306,,3509.176193
ITA,Italy,Foggia - X-Helio Solar Power Plant,WRI1026403,1,41.482,15.6087,Solar,,,,,,X-elio,http://www.x-elio.com,http://www.x-elio.com,,,,,,51.68331055
ITA,Italy,Fossano Solar Power Plant,WRI1026404,5,44.5725,7.7693,Solar,,,,1997,Enel Green Power SpA,OPDE,http://www.opde.net/en/projects/,http://www.opde.net/en/projects/,,,,,,258.4165527
ITA,Italy,GALLETO,WRI1002886,295,42.5427,12.7208,Hydro,,,,1997,,TERNA,http://www.terna.it/en-gb/sistemaelettrico/transparencyreport/generation/installedgenerationcapacity.aspx,http://www.terna.it/en-gb/sistemaelettrico/transparencyreport/generation/installedgenerationcapacity.aspx,,,,731,,1328.099293
ITA,Italy,GARGNANO,WRI1002888,137.2,45.6891,10.6609,Hydro,,,,,,TERNA,http://www.terna.it/en-gb/sistemaelettrico/transparencyreport/generation/installedgenerationcapacity.aspx,http://www.terna.it/en-gb/sistemaelettrico/transparencyreport/generation/installedgenerationcapacity.aspx,,,,270,,617.6787222
ITA,Italy,GIRIFALCO,WRI1021841,14,40.48,16.8005,Solar,,,,,,ENTSOE,https://transparency.entsoe.eu/generation/r2/installedCapacityPerProductionUnit/show,https://transparency.entsoe.eu/generation/r2/installedCapacityPerProductionUnit/show,,,,,,723.5663477
ITA,Italy,GISSI,WRI1002890,840,42.0502,14.5639,Gas,,,,1977,A2A,A2A,http://www.a2a.eu/en/plants_networks/thermoelectric/gissi/,http://www.a2a.eu/en/plants_networks/thermoelectric/gissi/,,,,642.3,,2039.24694
ITA,Italy,GROSIO,WRI1002891,655,46.286,10.2653,Hydro,,,,,,TERNA,http://www.terna.it/en-gb/sistemaelettrico/transparencyreport/generation/installedgenerationcapacity.aspx,http://www.terna.it/en-gb/sistemaelettrico/transparencyreport/generation/installedgenerationcapacity.aspx,,,,1381,,2948.830634
ITA,Italy,GUADALAMI C.LE,WRI1021309,80,37.9544,13.2808,Hydro,,,,,,ENTSOE,https://transparency.entsoe.eu/generation/r2/installedCapacityPerProductionUnit/show,https://transparency.entsoe.eu/generation/r2/installedCapacityPerProductionUnit/show,,,,,,360.1625202
ITA,Italy,Genuini Solar Power Plant,WRI1026405,1,40.0983,18.145,Solar,,,,,Gestamp Asetym Solar,9ren,http://www.9ren.it/en/about-us/where-we-operate/our-plants/item/183-genuini-eng,http://www.9ren.it/en/about-us/where-we-operate/our-plants/item/183-genuini-eng,,,,,,51.68331055
ITA,Italy,Giarratana Solar Power Plant,WRI1026406,2,37.0698,14.7895,Solar,,,,,Sunparking Pesaro Srl,Martifer Solar,http://www.martifersolar.com/powering.php,http://www.martifersolar.com/powering.php,,,,,,103.3666211
ITA,Italy,Guagnano Solar Power Plant,WRI1026407,2,40.4137,17.8847,Solar,,,,,,Immpex,http://www.immpex.de/projektdatenblatt/solar-italy/?L=1,http://www.immpex.de/projektdatenblatt/solar-italy/?L=1,,,,,,103.3666211
ITA,Italy,ISAB ENERGY,WRI1002894,521,37.1399,15.2158,Gas,,,,,,Siemens,http://www.energy.siemens.com/br/en/fossil-power-generation/power-plants/integrated-gasification-combined-cycle/integrated-gasification-combined-cycle.htm#content=References,http://www.energy.siemens.com/br/en/fossil-power-generation/power-plants/integrated-gasification-combined-cycle/integrated-gasification-combined-cycle.htm#content=References,,,,2602,,1264.818638
ITA,Italy,ISOLA SERAFINI,WRI1021316,76,45.0911,9.9052,Hydro,,,,,,ENTSOE,https://transparency.entsoe.eu/generation/r2/installedCapacityPerProductionUnit/show,https://transparency.entsoe.eu/generation/r2/installedCapacityPerProductionUnit/show,,,,,,342.1543942
ITA,Italy,ISOLATO SPLUGA,WRI1002895,117.6,46.4394,9.3595,Hydro,,,,,,TERNA,http://www.terna.it/en-gb/sistemaelettrico/transparencyreport/generation/installedgenerationcapacity.aspx,http://www.terna.it/en-gb/sistemaelettrico/transparencyreport/generation/installedgenerationcapacity.aspx,,,,205,,529.4389047
ITA,Italy,Iglesias Solar Power Plant,WRI1026408,2,39.295,8.5833,Solar,,,,,Solar Asset Management,GP Joule,http://www.gp-joule.eu/activities/projects/,http://www.gp-joule.eu/activities/projects/,,,,,,103.3666211
ITA,Italy,JESI,WRI1002896,140,43.5537,13.285,Gas,,,,2009,Edison,Edison,http://www.edison.it/media/EMAS-GETE1-jesi2005.pdf,http://www.edison.it/media/EMAS-GETE1-jesi2005.pdf,,,,0,,339.8744901
ITA,Italy,LAGONI ROSSI,WRI1021666,20,43.1666,10.7847,Geothermal,,,,,,ENTSOE,https://transparency.entsoe.eu/generation/r2/installedCapacityPerProductionUnit/show,https://transparency.entsoe.eu/generation/r2/installedCapacityPerProductionUnit/show,,,,,,138.0630105
ITA,Italy,LAMARMORA,WRI1002898,116.7,45.5248,10.2273,Oil,,,,2000,,A2A,http://www.a2a.eu/en/plants_networks/cogeneration/lamarmora.html,http://www.a2a.eu/en/plants_networks/cogeneration/lamarmora.html,,,,409,,187.2101329
ITA,Italy,LANA,WRI1002901,120,46.6124,11.1559,Hydro,,,,2002,,TERNA,http://www.terna.it/en-gb/sistemaelettrico/transparencyreport/generation/installedgenerationcapacity.aspx,http://www.terna.it/en-gb/sistemaelettrico/transparencyreport/generation/installedgenerationcapacity.aspx,,,,167,,540.2437803
ITA,Italy,LANZADA,WRI1002902,188,46.2693,9.8692,Hydro,,,,2002,,TERNA,http://www.terna.it/en-gb/sistemaelettrico/transparencyreport/generation/installedgenerationcapacity.aspx,http://www.terna.it/en-gb/sistemaelettrico/transparencyreport/generation/installedgenerationcapacity.aspx,,,,365,,846.3819225
ITA,Italy,LARINO TG,WRI1002903,250,41.8055,14.9193,Gas,,,,2005,ENEL,ENEL,https://www.futur-e.enel.it/cs/Satellite?blobcol=urldata&blobheader=application%2Fpdf&blobheadername1=Content-Disposition&blobheadername2=MDT-Type&blobheadervalue1=inline%3B+filename%3Dlarino-eng.pdf&blobheadervalue2=abinary%3B+charset%3DUTF-8&blobkey=id&blobtable=MungoBlobs&blobwhere=1445864757512&ssbinary=true,https://www.futur-e.enel.it/cs/Satellite?blobcol=urldata&blobheader=application%2Fpdf&blobheadername1=Content-Disposition&blobheadername2=MDT-Type&blobheadervalue1=inline%3B+filename%3Dlarino-eng.pdf&blobheadervalue2=abinary%3B+charset%3DUTF-8&blobkey=id&blobtable=MungoBlobs&blobwhere=1445864757512&ssbinary=true,,,,1,,606.9187322
ITA,Italy,LE PRATA,WRI1021663,20,43.1962,10.8323,Geothermal,,,,2002,,ENTSOE,https://transparency.entsoe.eu/generation/r2/installedCapacityPerProductionUnit/show,https://transparency.entsoe.eu/generation/r2/installedCapacityPerProductionUnit/show,,,,,,138.0630105
ITA,Italy,LEINI,WRI1002904,379.5,45.163,7.7505,Gas,,,,2002,,Ansaldo Energia,http://ansaldoenergia.it/easyUp/file/pgs.pdf,http://ansaldoenergia.it/easyUp/file/pgs.pdf,,,,1737,,921.3026356
ITA,Italy,LEVANTE,WRI1002905,752.5,45.4458,12.2552,Gas,,,,2002,,TERNA,http://www.terna.it/en-gb/sistemaelettrico/transparencyreport/generation/installedgenerationcapacity.aspx,http://www.terna.it/en-gb/sistemaelettrico/transparencyreport/generation/installedgenerationcapacity.aspx,,,,2165,,1826.825384
ITA,Italy,LIVORNO MARZOCCO,WRI1002906,310,43.5673,10.31,Oil,,,,2005,ENEL,ENEL,https://www.futur-e.enel.it/cs/Satellite?blobcol=urldata&blobheader=application%2Fpdf&blobheadername1=Content-Disposition&blobheadername2=MDT-Type&blobheadervalue1=inline%3B+filename%3Dlivorno-eng.pdf&blobheadervalue2=abinary%3B+charset%3DUTF-8&blobkey=id&blobtable=MungoBlobs&blobwhere=1445864757397&ssbinary=true,https://www.futur-e.enel.it/cs/Satellite?blobcol=urldata&blobheader=application%2Fpdf&blobheadername1=Content-Disposition&blobheadername2=MDT-Type&blobheadervalue1=inline%3B+filename%3Dlivorno-eng.pdf&blobheadervalue2=abinary%3B+charset%3DUTF-8&blobkey=id&blobtable=MungoBlobs&blobwhere=1445864757397&ssbinary=true,,,,457,,497.301981
ITA,Italy,La Brava Solar Power Plant,WRI1026409,13.4,45.9516,13.4031,Solar,,,,,,GP Joule,http://www.gp-joule.eu/activities/projects/,http://www.gp-joule.eu/activities/projects/,,,,,,692.5563614
ITA,Italy,Lady Lucrecia Solar Power Plant,WRI1026410,1,40.1989,18.2162,Solar,,,,1973,9REN,Solaer,https://www.google.com/maps/d/embed?mid=1bXiXRcLRnBCUfpkHM2J5EVryhG4&ll=31.06035315253383%2C35.02284616406246&z=8,https://www.google.com/maps/d/embed?mid=1bXiXRcLRnBCUfpkHM2J5EVryhG4&ll=31.06035315253383%2C35.02284616406246&z=8,,,,,,51.68331055
ITA,Italy,Lapedona Solar Power Plant,WRI1026411,1,43.1225,13.768,Solar,,,,,Solaer,En Value,http://www.envalue.de/de/neues/index.php,http://www.envalue.de/de/neues/index.php,,,,,,51.68331055
ITA,Italy,Lucera Solar Power Plant,WRI1026412,1,41.471,15.4122,Solar,,,,,Envalue GmbH,X-elio,http://www.x-elio.com,http://www.x-elio.com,,,,,,51.68331055
ITA,Italy,MAGISANO,WRI1021318,75,39.0095,16.6206,Hydro,,,,,,ENTSOE,https://transparency.entsoe.eu/generation/r2/installedCapacityPerProductionUnit/show,https://transparency.entsoe.eu/generation/r2/installedCapacityPerProductionUnit/show,,,,,,337.6523627
ITA,Italy,MESE,WRI1002908,164.34,46.3063,9.3823,Hydro,,,,,,TERNA,http://www.terna.it/en-gb/sistemaelettrico/transparencyreport/generation/installedgenerationcapacity.aspx,http://www.terna.it/en-gb/sistemaelettrico/transparencyreport/generation/installedgenerationcapacity.aspx,,,,484.6,,739.8638572
ITA,Italy,MILAZZO,WRI1002909,162.9,38.2212,15.2383,Gas,,,,1986,,Edison,http://www.termica-milazzo.it/navigate.asp?voce=4&sottovoce=1,http://www.termica-milazzo.it/navigate.asp?voce=4&sottovoce=1,,,,967,,395.4682459
ITA,Italy,MONASTERO,WRI1021355,56,46.1556,9.6439,Hydro,,,,1998,,ENTSOE,https://transparency.entsoe.eu/generation/r2/installedCapacityPerProductionUnit/show,https://transparency.entsoe.eu/generation/r2/installedCapacityPerProductionUnit/show,,,,,,252.1137642
ITA,Italy,MONCALIERI,WRI1002910,780,44.993,7.6755,Gas,,,,,,Iren Energia,http://www.irenenergia.it/ChiSiamo/Attivita/Teleriscaldamento/Dove_Siamo/Impianti_Torino.html,http://www.irenenergia.it/ChiSiamo/Attivita/Teleriscaldamento/Dove_Siamo/Impianti_Torino.html,,,,2286.3,,1893.586445
ITA,Italy,MONTALTO (Alessandro Volta),WRI1002912,3446,42.3572,11.5373,Gas,,,,,ENEL,ENEL,https://www.futur-e.enel.it/cs/Satellite?blobcol=urldata&blobheader=application%2Fpdf&blobheadername1=Content-Disposition&blobheadername2=MDT-Type&blobheadervalue1=inline%3B+filename%3Dmontalto-ita_2.pdf&blobheadervalue2=abinary%3B+charset%3DUTF-8&blobkey=id&blobtable=MungoBlobs&blobwhere=1445865128793&ssbinary=true,https://www.futur-e.enel.it/cs/Satellite?blobcol=urldata&blobheader=application%2Fpdf&blobheadername1=Content-Disposition&blobheadername2=MDT-Type&blobheadervalue1=inline%3B+filename%3Dmontalto-ita_2.pdf&blobheadervalue2=abinary%3B+charset%3DUTF-8&blobkey=id&blobtable=MungoBlobs&blobwhere=1445865128793&ssbinary=true,,,,3.079,,8365.767805
ITA,Italy,MONTEFERRANTE,WRI1002913,105.24,41.9547,14.3884,Wind,,,,,,TERNA,http://www.terna.it/en-gb/sistemaelettrico/transparencyreport/generation/installedgenerationcapacity.aspx,http://www.terna.it/en-gb/sistemaelettrico/transparencyreport/generation/installedgenerationcapacity.aspx,,,,,,15178
ITA,Italy,MONTEVERDI 1,WRI1021759,17,43.1862,10.7657,Geothermal,,,,,,ENTSOE,https://transparency.entsoe.eu/generation/r2/installedCapacityPerProductionUnit/show,https://transparency.entsoe.eu/generation/r2/installedCapacityPerProductionUnit/show,,,,,,117.3535589
ITA,Italy,MONTEVERDI 2,WRI1021760,17,43.1971,10.7652,Geothermal,,,,,,ENTSOE,https://transparency.entsoe.eu/generation/r2/installedCapacityPerProductionUnit/show,https://transparency.entsoe.eu/generation/r2/installedCapacityPerProductionUnit/show,,,,,,117.3535589
ITA,Italy,MONTORIO,WRI1002914,110,42.5831,13.6383,Hydro,,,,,,TERNA,http://www.terna.it/en-gb/sistemaelettrico/transparencyreport/generation/installedgenerationcapacity.aspx,http://www.terna.it/en-gb/sistemaelettrico/transparencyreport/generation/installedgenerationcapacity.aspx,,,,267,,495.2234653
ITA,Italy,MUCONE 1S,WRI1002915,101.44,39.4929,16.3838,Hydro,,,,,,TERNA,http://www.terna.it/en-gb/sistemaelettrico/transparencyreport/generation/installedgenerationcapacity.aspx,http://www.terna.it/en-gb/sistemaelettrico/transparencyreport/generation/installedgenerationcapacity.aspx,,,,401,,456.6860757
ITA,Italy,Maddaloni,WRI1002907,352,41.0197,14.37,Gas,,,,,,ENEL,https://www.futur-e.enel.it/cs/Satellite?blobcol=urldata&blobheader=application%2Fpdf&blobheadername1=Content-Disposition&blobheadername2=MDT-Type&blobheadervalue1=inline%3B+filename%3Dmaddaloni-eng.pdf&blobheadervalue2=abinary%3B+charset%3DUTF-8&blobkey=id&blobtable=MungoBlobs&blobwhere=1445864757537&ssbinary=true,https://www.futur-e.enel.it/cs/Satellite?blobcol=urldata&blobheader=application%2Fpdf&blobheadername1=Content-Disposition&blobheadername2=MDT-Type&blobheadervalue1=inline%3B+filename%3Dmaddaloni-eng.pdf&blobheadervalue2=abinary%3B+charset%3DUTF-8&blobkey=id&blobtable=MungoBlobs&blobwhere=1445864757537&ssbinary=true,,,,,,854.541575
ITA,Italy,Mandrella Solar Power Plant,WRI1026413,1,40.1137,18.1396,Solar,,,,,Gestamp Asetym Solar,9ren,http://www.9ren.it/en/about-us/where-we-operate/our-plants/,http://www.9ren.it/en/about-us/where-we-operate/our-plants/,,,,,,51.68331055
ITA,Italy,Masseria Martellotta Solar Power Plant,WRI1026414,8,40.5778,16.9715,Solar,,,,,,9ren,http://www.9ren.it/en/about-us/where-we-operate/our-plants/,http://www.9ren.it/en/about-us/where-we-operate/our-plants/,,,,,,413.4664844
ITA,Italy,Masseria Rossa 1 Solar Power Plant,WRI1026415,1,40.4117,17.4247,Solar,,,,2000,9REN,9ren,http://www.9ren.it/en/about-us/where-we-operate/our-plants/,http://www.9ren.it/en/about-us/where-we-operate/our-plants/,,,,,,51.68331055
ITA,Italy,Massoli Terni Solar Power Plant,WRI1026416,2.3,42.5107,12.6187,Solar,,,,1998,,Solar Rig,http://solarig.com/about-us/,http://solarig.com/about-us/,,,,,,118.8716143
ITA,Italy,Maviglia Solar Power Plant,WRI1026417,1,40.3175,17.5873,Solar,,,,2009,9REN,9ren,http://www.9ren.it/en/about-us/where-we-operate/our-plants/,http://www.9ren.it/en/about-us/where-we-operate/our-plants/,,,,,,51.68331055
ITA,Italy,Meatiri Solar Power Plant,WRI1026418,1,40.1563,18.2334,Solar,,,,,9REN,Solaer,https://www.google.com/maps/d/embed?mid=1bXiXRcLRnBCUfpkHM2J5EVryhG4&ll=31.06035315253383%2C35.02284616406246&z=8,https://www.google.com/maps/d/embed?mid=1bXiXRcLRnBCUfpkHM2J5EVryhG4&ll=31.06035315253383%2C35.02284616406246&z=8,,,,,,51.68331055
ITA,Italy,Monfalcone,WRI1002911,336,45.7979,13.5455,Coal,,,,1999,A2A,A2A,http://www.a2a.eu/en/plants_networks/thermoelectric/monfalcone/,http://www.a2a.eu/en/plants_networks/thermoelectric/monfalcone/,,,,2109,,1842.317501
ITA,Italy,Montalto di Castro - Solaer Solar Power Plant,WRI1026419,1,42.4067,11.6104,Solarr,,,,2004,Solaer,Solaer,https://www.google.com/maps/d/embed?mid=1bXiXRcLRnBCUfpkHM2J5EVryhG4&ll=31.06035315253383%2C35.02284616406246&z=8,https://www.google.com/maps/d/embed?mid=1bXiXRcLRnBCUfpkHM2J5EVryhG4&ll=31.06035315253383%2C35.02284616406246&z=8,,,,,,51.68331055
ITA,Italy,Monte San Pietrangeli Solar Power Plant,WRI1026420,5.7,43.1953,13.6002,Solar,,,,2002,Solaria Energ√å_a y Medio Ambiente SA,En Value,http://www.envalue.de/de/neues/index.php,http://www.envalue.de/de/neues/index.php,,,,,,294.5948701
ITA,Italy,NAPOLI L,WRI1002916,400,40.8339,14.3006,Gas,,,,,Tirreno,Tirreno Power,http://www.tirrenopower.com/en/impianti-elettrici/napoli-levante/,http://www.tirrenopower.com/en/impianti-elettrici/napoli-levante/,,,,715,,971.0699716
ITA,Italy,NOVEL,WRI1021293,97,45.457,8.6496,Other,,,,,,ENTSOE,https://transparency.entsoe.eu/generation/r2/installedCapacityPerProductionUnit/show,https://transparency.entsoe.eu/generation/r2/installedCapacityPerProductionUnit/show,,,,,,166.7108684
ITA,Italy,NUOVA CASTELNUOVO,WRI1021797,15,43.2166,10.9052,Geothermal,,,,,,ENTSOE,https://transparency.entsoe.eu/generation/r2/installedCapacityPerProductionUnit/show,https://transparency.entsoe.eu/generation/r2/installedCapacityPerProductionUnit/show,,,,,,103.5472579
ITA,Italy,NUOVA GABBRO,WRI1021705,19,42.2612,10.8853,Geothermal,,,,,,ENTSOE,https://transparency.entsoe.eu/generation/r2/installedCapacityPerProductionUnit/show,https://transparency.entsoe.eu/generation/r2/installedCapacityPerProductionUnit/show,,,,,,131.15986
ITA,Italy,NUOVA LAGO,WRI1021915,11,43.2612,10.8853,Geothermal,,,,2010,,ENTSOE,https://transparency.entsoe.eu/generation/r2/installedCapacityPerProductionUnit/show,https://transparency.entsoe.eu/generation/r2/installedCapacityPerProductionUnit/show,,,,,,75.93465578
ITA,Italy,NUOVA LARDERELLO,WRI1021763,17,43.2271,10.8838,Geothermal,,,,,,ENTSOE,https://transparency.entsoe.eu/generation/r2/installedCapacityPerProductionUnit/show,https://transparency.entsoe.eu/generation/r2/installedCapacityPerProductionUnit/show,,,,,,117.3535589
ITA,Italy,NUOVA MOLINETTO,WRI1021721,18,43.2112,10.8585,Geothermal,,,,2006,,ENTSOE,https://transparency.entsoe.eu/generation/r2/installedCapacityPerProductionUnit/show,https://transparency.entsoe.eu/generation/r2/installedCapacityPerProductionUnit/show,,,,,,124.2567095
ITA,Italy,NUOVA MONTEROTONDO,WRI1021914,11,43.1519,10.8495,Geothermal,,,,,,ENTSOE,https://transparency.entsoe.eu/generation/r2/installedCapacityPerProductionUnit/show,https://transparency.entsoe.eu/generation/r2/installedCapacityPerProductionUnit/show,,,,,,75.93465578
ITA,Italy,NUOVA RADICONDOLI,WRI1021348,59,43.1935,11.0446,Geothermal,,,,2003,,ENTSOE,https://transparency.entsoe.eu/generation/r2/installedCapacityPerProductionUnit/show,https://transparency.entsoe.eu/generation/r2/installedCapacityPerProductionUnit/show,,,,,,407.285881
ITA,Italy,NUOVA SAN MARTINO,WRI1021455,39,43.1452,10.8325,Geothermal,,,,2002,,ENTSOE,https://transparency.entsoe.eu/generation/r2/installedCapacityPerProductionUnit/show,https://transparency.entsoe.eu/generation/r2/installedCapacityPerProductionUnit/show,,,,,,269.2228705
ITA,Italy,Piccolo Carlo Solar Power Plant,WRI1026425,1,40.0366,18.3629,Solarr,,,,,Solaer,Solaer,https://www.google.com/maps/d/embed?mid=1bXiXRcLRnBCUfpkHM2J5EVryhG4&ll=31.06035315253383%2C35.02284616406246&z=8,https://www.google.com/maps/d/embed?mid=1bXiXRcLRnBCUfpkHM2J5EVryhG4&ll=31.06035315253383%2C35.02284616406246&z=8,,,,,,51.68331055
ITA,Italy,Portoscuso,WRI1002926,320,39.2047,8.3789,Oil,,,,,ENEL,ENEL,https://www.futur-e.enel.it/cs/Satellite?blobcol=urldata&blobheader=application%2Fpdf&blobheadername1=Content-Disposition&blobheadername2=MDT-Type&blobheadervalue1=inline%3B+filename%3Dportoscuso-eng.pdf&blobheadervalue2=abinary%3B+charset%3DUTF-8&blobkey=id&blobtable=MungoBlobs&blobwhere=1445864757450&ssbinary=true,https://www.futur-e.enel.it/cs/Satellite?blobcol=urldata&blobheader=application%2Fpdf&blobheadername1=Content-Disposition&blobheadername2=MDT-Type&blobheadervalue1=inline%3B+filename%3Dportoscuso-eng.pdf&blobheadervalue2=abinary%3B+charset%3DUTF-8&blobkey=id&blobtable=MungoBlobs&blobwhere=1445864757450&ssbinary=true,,,,0,,513.3439804
ITA,Italy,Pozzilli Solar Power Plant,WRI1026426,2.9,41.5051,14.0879,Solar,,,,,Solaer,Solar Rig,http://solarig.com,http://solarig.com,,,,,,149.8816006
ITA,Italy,Pozzo d'Adda Solar Power Plant,WRI1026427,3,45.5738,9.4927,Solar,,,,,,Martifer Solar,http://www.martifersolar.com/powering.php,http://www.martifersolar.com/powering.php,,,,,,155.0499316
ITA,Italy,Pozzolo Formigaro Solar Power Plant,WRI1026428,4.1,44.8314,8.7734,Solar,,,,,Enel Green Power SpA,OPDE,http://www.opde.net/en/projects/,http://www.opde.net/en/projects/,,,,,,211.9015733
ITA,Italy,Quattordio Solar Power Plant,WRI1026429,1.4,44.9055,8.4343,Solar,,,,,Carpevigo AG,OPDE,http://www.opde.net/en/projects/,http://www.opde.net/en/projects/,,,,,,72.35663477
ITA,Italy,RANCIA 1,WRI1021724,18,43.2141,11.0468,Geothermal,,,,,,ENTSOE,https://transparency.entsoe.eu/generation/r2/installedCapacityPerProductionUnit/show,https://transparency.entsoe.eu/generation/r2/installedCapacityPerProductionUnit/show,,,,,,124.2567095
ITA,Italy,RANCIA 2,WRI1021723,18,43.2101,11.0345,Geothermal,,,,,,ENTSOE,https://transparency.entsoe.eu/generation/r2/installedCapacityPerProductionUnit/show,https://transparency.entsoe.eu/generation/r2/installedCapacityPerProductionUnit/show,,,,,,124.2567095
ITA,Italy,RIVA DEL GARDA - NUOVO,WRI1002934,117,45.8858,10.8412,Hydro,,,,,,TERNA,http://www.terna.it/en-gb/sistemaelettrico/transparencyreport/generation/installedgenerationcapacity.aspx,http://www.terna.it/en-gb/sistemaelettrico/transparencyreport/generation/installedgenerationcapacity.aspx,,,,,,526.7376858
ITA,Italy,RIZZICONI,WRI1002935,760,38.4453,15.99,Gas,,,,,EGL Italia,Axpo,http://www.axpo.com/axpo/it/en/knowledge/power-production/assets-in-italy.html,http://www.axpo.com/axpo/it/en/knowledge/power-production/assets-in-italy.html,,,,3635.8,,1845.032946
ITA,Italy,RONCOVALGRANDE,WRI1002936,1000,46.0702,8.7339,Hydro,,,,,,TERNA,http://www.terna.it/en-gb/sistemaelettrico/transparencyreport/generation/installedgenerationcapacity.aspx,http://www.terna.it/en-gb/sistemaelettrico/transparencyreport/generation/installedgenerationcapacity.aspx,,,,508.6,,4502.031503
ITA,Italy,ROSONE,WRI1002938,135,45.4837,7.3693,Hydro,,,,,,TERNA,http://www.terna.it/en-gb/sistemaelettrico/transparencyreport/generation/installedgenerationcapacity.aspx,http://www.terna.it/en-gb/sistemaelettrico/transparencyreport/generation/installedgenerationcapacity.aspx,,,,451,,607.7742529
ITA,Italy,ROSSANO TE,WRI1002939,1200,39.6218,16.6084,Oil,,,,2007,,ENEL,https://www.futur-e.enel.it/cs/Satellite?blobcol=urldata&blobheader=application%2Fpdf&blobheadername1=Content-Disposition&blobheadername2=MDT-Type&blobheadervalue1=inline%3B+filename%3Drossano-eng.pdf&blobheadervalue2=abinary%3B+charset%3DUTF-8&blobkey=id&blobtable=MungoBlobs&blobwhere=1445864757481&ssbinary=true,https://www.futur-e.enel.it/cs/Satellite?blobcol=urldata&blobheader=application%2Fpdf&blobheadername1=Content-Disposition&blobheadername2=MDT-Type&blobheadervalue1=inline%3B+filename%3Drossano-eng.pdf&blobheadervalue2=abinary%3B+charset%3DUTF-8&blobkey=id&blobtable=MungoBlobs&blobwhere=1445864757481&ssbinary=true,,,,0,,1925.039927
ITA,Italy,Rovigo Solar Power Plant,WRI1026430,15,45.0374,11.5705,Solar,,,,1981,,Astronergy,http://www.astronergy.com/projects_plants.php,http://www.astronergy.com/projects_plants.php,,,,,,775.2496582
ITA,Italy,S.GIACOMO,WRI1002944,490,42.785,13.5111,Hydro,,,,,,TERNA,http://www.terna.it/en-gb/sistemaelettrico/transparencyreport/generation/installedgenerationcapacity.aspx,http://www.terna.it/en-gb/sistemaelettrico/transparencyreport/generation/installedgenerationcapacity.aspx,,,,424,,2205.995436
ITA,Italy,S.MASSENZA 1 (Molveno),WRI1002945,377,46.0677,10.9826,Hydro,,,,,,TERNA,http://www.terna.it/en-gb/sistemaelettrico/transparencyreport/generation/installedgenerationcapacity.aspx,http://www.terna.it/en-gb/sistemaelettrico/transparencyreport/generation/installedgenerationcapacity.aspx,,,,583.21,,1697.265877
ITA,Italy,SAN FILIPPO DEL MELA,WRI1002947,866,38.2049,15.2818,Oil,,,,,Edipower,Edipower,https://web.archive.org/web/20150316075708/http://www.edipower.it/centrale_di_sanfilippo.htm,https://web.archive.org/web/20150316075708/http://www.edipower.it/centrale_di_sanfilippo.htm,,,,2181.1,,1389.237147
ITA,Italy,SAN QUIRICO,WRI1002946,137,44.9167,10.25,Gas,,,,,Edison,Edison,http://www.edison.it/en/node/1505,http://www.edison.it/en/node/1505,,,,1,,332.5914653
ITA,Italy,SARLUX,WRI1002948,630,39.1037,9.0063,Gas,,,,,Saras SpA,Power and Technology Magazine,http://www.power-technology.com/projects/sarlux/,http://www.power-technology.com/projects/sarlux/,,,,4429,,1529.435205
ITA,Italy,SARMATO,WRI1002949,180,45.0522,9.5072,Gas,,,,,EON,Power Plants at Risk of Shutting Down,http://www.italy24.ilsole24ore.com/pdf2010/Editrice/ILSOLE24ORE/QUOTIDIANO_INSIDE_ITALY/Online/_Oggetti_Correlati/Documenti/2014/10/23/20141023_Power.pdf,http://www.italy24.ilsole24ore.com/pdf2010/Editrice/ILSOLE24ORE/QUOTIDIANO_INSIDE_ITALY/Online/_Oggetti_Correlati/Documenti/2014/10/23/20141023_Power.pdf,,,,0,,436.9814872
ITA,Italy,SASSO 2,WRI1021664,20,43.1753,10.8583,Geothermal,,,,,,ENTSOE,https://transparency.entsoe.eu/generation/r2/installedCapacityPerProductionUnit/show,https://transparency.entsoe.eu/generation/r2/installedCapacityPerProductionUnit/show,,,,,,138.0630105
ITA,Italy,SELED GLORENZA,WRI1002950,101.6,46.6879,10.5466,Hydro,,,,,,TERNA,http://www.terna.it/en-gb/sistemaelettrico/transparencyreport/generation/installedgenerationcapacity.aspx,http://www.terna.it/en-gb/sistemaelettrico/transparencyreport/generation/installedgenerationcapacity.aspx,,,,201,,457.4064007
ITA,Italy,SELVA 1,WRI1021702,19,43.1805,10.8834,Geothermal,,,,,,ENTSOE,https://transparency.entsoe.eu/generation/r2/installedCapacityPerProductionUnit/show,https://transparency.entsoe.eu/generation/r2/installedCapacityPerProductionUnit/show,,,,,,131.15986
ITA,Italy,SERMIDE,WRI1002951,1151,45.0265,11.2522,Gas,,,,,Edipower,Edipower,http://www.edipower.it/edp/cms/edipower/attivita/impianti/centrale-termoelettrica-di-sermide/,http://www.edipower.it/edp/cms/edipower/attivita/impianti/centrale-termoelettrica-di-sermide/,,,,938.94,,2794.253843
ITA,Italy,SESTA 1,WRI1021722,18,43.2301,10.9471,Geothermal,,,,,,ENTSOE,https://transparency.entsoe.eu/generation/r2/installedCapacityPerProductionUnit/show,https://transparency.entsoe.eu/generation/r2/installedCapacityPerProductionUnit/show,,,,,,124.2567095
ITA,Italy,SESTO SAN GIOVANNI,WRI1002952,110.6,45.5417,9.2539,Other,,,,,,TERNA,http://www.terna.it/en-gb/sistemaelettrico/transparencyreport/generation/installedgenerationcapacity.aspx,http://www.terna.it/en-gb/sistemaelettrico/transparencyreport/generation/installedgenerationcapacity.aspx,,,,,,190.0847634
ITA,Italy,SIMERI CRICHI,WRI1002953,760,38.8759,16.6569,Gas,,,,,Edison,Edison,http://www.skemaq.it/uploads/case-studies/7cae243ca90d11d3755216b3b90bacdc.pdf,http://www.skemaq.it/uploads/case-studies/7cae243ca90d11d3755216b3b90bacdc.pdf,,,,2625,,1845.032946
ITA,Italy,SOMPLAGO,WRI1002954,220,46.3706,13.0436,Hydro,,,,,,TERNA,http://www.terna.it/en-gb/sistemaelettrico/transparencyreport/generation/installedgenerationcapacity.aspx,http://www.terna.it/en-gb/sistemaelettrico/transparencyreport/generation/installedgenerationcapacity.aspx,,,,302,,990.4469306
ITA,Italy,SONDRIO,WRI1002955,144,46.169,9.8691,Hydro,,,,,,TERNA,http://www.terna.it/en-gb/sistemaelettrico/transparencyreport/generation/installedgenerationcapacity.aspx,http://www.terna.it/en-gb/sistemaelettrico/transparencyreport/generation/installedgenerationcapacity.aspx,,,,392,,648.2925364
ITA,Italy,SORGENIA PUGLIA CENTRALE DI MODUGNO,WRI1002956,800,41.1025,16.756,Gas,,,,,Sorgenia,Sorgenia,https://www.sorgenia.it/produzione/impianti-ciclo-combinato/centrale-modugno.html,https://www.sorgenia.it/produzione/impianti-ciclo-combinato/centrale-modugno.html,,,,947.41,,1942.139943
ITA,Italy,TORRITE,WRI1021328,67,44.1264,10.3934,Hydro,,,,,,ENTSOE,https://transparency.entsoe.eu/generation/r2/installedCapacityPerProductionUnit/show,https://transparency.entsoe.eu/generation/r2/installedCapacityPerProductionUnit/show,,,,,,301.6361107
ITA,Italy,TORVISCOSA,WRI1002971,785,45.817,13.2891,Gas,,,,,Edison,Edison,http://www.centraletorviscosa.it/go.asp?Id=4,http://www.centraletorviscosa.it/go.asp?Id=4,,,,2027,,1905.724819
ITA,Italy,TRAPANI C.LE,WRI1002972,213.4,38.0158,12.5108,Gas,,,,,E On,E.ON,https://web.archive.org/web/20140409020226/http://www.eon-italia.com/en/business/generation/power-plants/trapani.html,https://web.archive.org/web/20140409020226/http://www.eon-italia.com/en/business/generation/power-plants/trapani.html,,,,100,,518.0658298
ITA,Italy,TRAVALE 3,WRI1021668,20,43.1707,11.0383,Geothermal,,,,,,ENTSOE,https://transparency.entsoe.eu/generation/r2/installedCapacityPerProductionUnit/show,https://transparency.entsoe.eu/generation/r2/installedCapacityPerProductionUnit/show,,,,,,138.0630105
ITA,Italy,TRAVALE 4,WRI1021454,39,43.1708,11.039,Geothermal,,,,,,ENTSOE,https://transparency.entsoe.eu/generation/r2/installedCapacityPerProductionUnit/show,https://transparency.entsoe.eu/generation/r2/installedCapacityPerProductionUnit/show,,,,,,269.2228705
ITA,Italy,TURBIGO,WRI1002973,1569,45.5201,8.7422,Oil,,,,,Edipower,Edipower,https://web.archive.org/web/20110909235851/http://www.edipower.org/centrali/turbigo.asp,https://web.archive.org/web/20110909235851/http://www.edipower.org/centrali/turbigo.asp,,,,1617.1,,2516.989704
ITA,Italy,Torrevaldaliga Nord,WRI1002969,1845,42.1269,11.7583,Coal,,,,,ENEL,Association of Carbon Italy,http://www.assocarboni.it/index.php/en/the-coal/coal-plants-in-italy,http://www.assocarboni.it/index.php/en/the-coal/coal-plants-in-italy,,,,11980,,10116.29699
ITA,Italy,Tortona Pantaleona Solar Power Plant,WRI1026440,7,44.8794,8.7889,Solar,,,,,9REN,OPDE,http://www.opde.net/en/projects/,http://www.opde.net/en/projects/,,,,,,361.7831738
ITA,Italy,Tortona Ponzana Solar Power Plant,WRI1026441,6.2,44.8391,8.7776,Solar,,,,,Enel Green Power SpA,OPDE,http://www.opde.net/en/projects/,http://www.opde.net/en/projects/,,,,,,320.4365254
ITA,Italy,Troia T1 Solar Power Plant,WRI1026442,1,41.3612,15.3632,Solar,,,,,Gestamp Asetym Solar,Solaer,https://www.google.com/maps/d/embed?mid=1bXiXRcLRnBCUfpkHM2J5EVryhG4&ll=31.06035315253383%2C35.02284616406246&z=8,https://www.google.com/maps/d/embed?mid=1bXiXRcLRnBCUfpkHM2J5EVryhG4&ll=31.06035315253383%2C35.02284616406246&z=8,,,,,,51.68331055
ITA,Italy,Troia T10 Solar Power Plant,WRI1026443,1,41.3606,15.3839,Solar,,,,,Solaer,Solaer,https://www.google.com/maps/d/embed?mid=1bXiXRcLRnBCUfpkHM2J5EVryhG4&ll=31.06035315253383%2C35.02284616406246&z=8,https://www.google.com/maps/d/embed?mid=1bXiXRcLRnBCUfpkHM2J5EVryhG4&ll=31.06035315253383%2C35.02284616406246&z=8,,,,,,51.68331055
ITA,Italy,Troia T3 Solar Power Plant,WRI1026444,1,41.3609,15.3509,Solar,,,,,Solaer,Solaer,https://www.google.com/maps/d/embed?mid=1bXiXRcLRnBCUfpkHM2J5EVryhG4&ll=31.06035315253383%2C35.02284616406246&z=8,https://www.google.com/maps/d/embed?mid=1bXiXRcLRnBCUfpkHM2J5EVryhG4&ll=31.06035315253383%2C35.02284616406246&z=8,,,,,,51.68331055
ITA,,Troia T7 Solar Power Plant,WRI1026445,1,41.3644,15.3419,Solar,,,,,Solaer,Solaer,https://www.google.com/maps/d/embed?mid=1bXiXRcLRnBCUfpkHM2J5EVryhG4&ll=31.06035315253383%2C35.02284616406246&z=8,https://www.google.com/maps/d/embed?mid=1bXiXRcLRnBCUfpkHM2J5EVryhG4&ll=31.06035315253383%2C35.02284616406246&z=8,,,,,,51.68331055
ITA,Italy,Troia T8 Solar Power Plant,WRI1026446,1,41.3595,15.371,Solar,,,,,Solaer,Solaer,https://www.google.com/maps/d/embed?mid=1bXiXRcLRnBCUfpkHM2J5EVryhG4&ll=31.06035315253383%2C35.02284616406246&z=8,https://www.google.com/maps/d/embed?mid=1bXiXRcLRnBCUfpkHM2J5EVryhG4&ll=31.06035315253383%2C35.02284616406246&z=8,,,,,,51.68331055
ITA,Italy,Troia T9 Solar Power Plant,WRI1026447,1,41.3594,15.3808,Solar,,,,,Solaer,Solaer,https://www.google.com/maps/d/embed?mid=1bXiXRcLRnBCUfpkHM2J5EVryhG4&ll=31.06035315253383%2C35.02284616406246&z=8,https://www.google.com/maps/d/embed?mid=1bXiXRcLRnBCUfpkHM2J5EVryhG4&ll=31.06035315253383%2C35.02284616406246&z=8,,,,,,51.68331055
ITA,Italy,Tuttosole Solar Power Plant,WRI1026448,1.5,43.672,10.7363,Solar,,,,,Opde Photovoltaics,Carpe Vigo,http://www.carpevigo.de/de/projekte-in-italien/menue-id-230.html,http://www.carpevigo.de/de/projekte-in-italien/menue-id-230.html,,,,,,77.52496582
ITA,Italy,Uta Solar Power Plant,WRI1026449,5.8,39.2848,8.9015,Solar,,,,,9REN,Solaria Energia,,,,,,,,299.7632012
ITA,Italy,VADO Ligure,WRI1002976,1353,44.2755,8.4305,Gas,,,,,Tirreno Power,Tirreno Power,http://www.tirrenopower.com/en/impianti-elettrici/vado-ligure/,http://www.tirrenopower.com/en/impianti-elettrici/vado-ligure/,,,,1239.5,,3284.644179
ITA,Italy,VALLE SECOLO,WRI1002978,114,42.2362,10.8674,Geothermal,,,,,,TERNA,http://www.terna.it/en-gb/sistemaelettrico/transparencyreport/generation/installedgenerationcapacity.aspx,http://www.terna.it/en-gb/sistemaelettrico/transparencyreport/generation/installedgenerationcapacity.aspx,,,,811,,786.9591599
ITA,Italy,VALPELLINE,WRI1002979,130,45.8249,7.3255,Hydro,,,,,,TERNA,http://www.terna.it/en-gb/sistemaelettrico/transparencyreport/generation/installedgenerationcapacity.aspx,http://www.terna.it/en-gb/sistemaelettrico/transparencyreport/generation/installedgenerationcapacity.aspx,,,,390,,585.2640954
ITA,Italy,VENAUS,WRI1002980,230,45.1623,7.0085,Hydro,,,,,,TERNA,http://www.terna.it/en-gb/sistemaelettrico/transparencyreport/generation/installedgenerationcapacity.aspx,http://www.terna.it/en-gb/sistemaelettrico/transparencyreport/generation/installedgenerationcapacity.aspx,,,,345,,1035.467246
ITA,Italy,VENINA,WRI1002981,327.1,46.1596,9.935,Hydro,,,,,,TERNA,http://www.terna.it/en-gb/sistemaelettrico/transparencyreport/generation/installedgenerationcapacity.aspx,http://www.terna.it/en-gb/sistemaelettrico/transparencyreport/generation/installedgenerationcapacity.aspx,,,,542,,1472.614505
ITA,Italy,VERZUOLO,WRI1002982,140,44.5947,7.4858,Gas,,,,,,TERNA,http://www.terna.it/en-gb/sistemaelettrico/transparencyreport/generation/installedgenerationcapacity.aspx,http://www.terna.it/en-gb/sistemaelettrico/transparencyreport/generation/installedgenerationcapacity.aspx,,,,21,,339.8744901
ITA,Italy,VILLA S.MARIA,WRI1021344,60,42.0154,14.3535,Hydro,,,,,,ENTSOE,https://transparency.entsoe.eu/generation/r2/installedCapacityPerProductionUnit/show,https://transparency.entsoe.eu/generation/r2/installedCapacityPerProductionUnit/show,,,,,,270.1218902
ITA,Italy,VOGHERA,WRI1002983,380.5,45.0296,8.9723,Gas,,,,,,Tractabel,http://www.tractebel-engie.com/references/combined-cycle-power-plant-voghera-pavia-2/,http://www.tractebel-engie.com/references/combined-cycle-power-plant-voghera-pavia-2/,,,,1649,,923.7303105
GBR,United Kingdom,Craigahulliar Landfill Gas,GBR0000773,1,55.1965,-6.6106,Waste,,,,,B9 Organic Energy and Craigahulliar Energy,Department for Business Energy & Industrial Strategy,https://www.gov.uk/government/collections/digest-of-uk-energy-statistics-dukes;https://www.gov.uk/government/collections/renewable-energy-planning-data,https://www.gov.uk/government/collections/digest-of-uk-energy-statistics-dukes;https://www.gov.uk/government/collections/renewable-energy-planning-data,2016,,,,,2.169101848
GBR,United Kingdom,Craigannet Farm Wind Turbine,GBR0006318,1.5,56.0455,-4.0685,Wind,,,,,Clean Earth Energy,Department for Business Energy & Industrial Strategy,https://www.gov.uk/government/collections/digest-of-uk-energy-statistics-dukes;https://www.gov.uk/government/collections/renewable-energy-planning-data,https://www.gov.uk/government/collections/digest-of-uk-energy-statistics-dukes;https://www.gov.uk/government/collections/renewable-energy-planning-data,2016,,,,,2.580821123
GBR,United Kingdom,Craigengelt,GBR0002940,20,56.0543,-4.0497,Wind,,,,,Scotia Wind Ltd,Department for Business Energy & Industrial Strategy,https://www.gov.uk/government/collections/digest-of-uk-energy-statistics-dukes;https://www.gov.uk/government/collections/renewable-energy-planning-data,https://www.gov.uk/government/collections/digest-of-uk-energy-statistics-dukes;https://www.gov.uk/government/collections/renewable-energy-planning-data,2016,,,,,34.4109483
GBR,United Kingdom,Cranford,GBR0000757,1.1,52.3759,-0.6338,Waste,,,,,SITA UK,Department for Business Energy & Industrial Strategy,https://www.gov.uk/government/collections/digest-of-uk-energy-statistics-dukes;https://www.gov.uk/government/collections/renewable-energy-planning-data,https://www.gov.uk/government/collections/digest-of-uk-energy-statistics-dukes;https://www.gov.uk/government/collections/renewable-energy-planning-data,2016,,,,,2.386012033
GBR,United Kingdom,Cranham Golf Course Solar Park,GBR0002117,2.6,51.5587,0.2827,Solar,,,,,Cranham Golf Course,Department for Business Energy & Industrial Strategy,https://www.gov.uk/government/collections/digest-of-uk-energy-statistics-dukes;https://www.gov.uk/government/collections/renewable-energy-planning-data,https://www.gov.uk/government/collections/digest-of-uk-energy-statistics-dukes;https://www.gov.uk/government/collections/renewable-energy-planning-data,2016,,,,,1.283848864
GBR,United Kingdom,Crannaford Solar Farm,GBR0001984,12.5,50.7599,-3.4048,Solar,,,,,MS Power Projects Ltd (Mr L Mark),Department for Business Energy & Industrial Strategy,https://www.gov.uk/government/collections/digest-of-uk-energy-statistics-dukes;https://www.gov.uk/government/collections/renewable-energy-planning-data,https://www.gov.uk/government/collections/digest-of-uk-energy-statistics-dukes;https://www.gov.uk/government/collections/renewable-energy-planning-data,2016,,,,,6.172350309
GBR,United Kingdom,Crapnell Farm Solar Farm,GBR0001522,5.4,51.2091,-2.5784,Solar,,,,,Lightsource Renewable Energy,Department for Business Energy & Industrial Strategy,https://www.gov.uk/government/collections/digest-of-uk-energy-statistics-dukes;https://www.gov.uk/government/collections/renewable-energy-planning-data,https://www.gov.uk/government/collections/digest-of-uk-energy-statistics-dukes;https://www.gov.uk/government/collections/renewable-energy-planning-data,2016,,,,,2.666455334
GBR,United Kingdom,Creathorne Farm  - Solar Farm,GBR0001614,1.8,50.7956,-4.5451,Solar,,,,,Good Energy Generation,Department for Business Energy & Industrial Strategy,https://www.gov.uk/government/collections/digest-of-uk-energy-statistics-dukes;https://www.gov.uk/government/collections/renewable-energy-planning-data,https://www.gov.uk/government/collections/digest-of-uk-energy-statistics-dukes;https://www.gov.uk/government/collections/renewable-energy-planning-data,2016,,,,,0.888818445
GBR,United Kingdom,Cregganconroe,GBR0004653,13.8,54.6226,-6.9791,Wind,,,,,Gaelectric Developments/ CGN Europe Energy,Department for Business Energy & Industrial Strategy,https://www.gov.uk/government/collections/digest-of-uk-energy-statistics-dukes;https://www.gov.uk/government/collections/renewable-energy-planning-data,https://www.gov.uk/government/collections/digest-of-uk-energy-statistics-dukes;https://www.gov.uk/government/collections/renewable-energy-planning-data,2016,,,,,23.74355433
GBR,United Kingdom,Cressing Solar Farm (Phase 1),GBR0005497,5,51.8408,0.6011,Solar,,,,,Octopus Investments,Department for Business Energy & Industrial Strategy,https://www.gov.uk/government/collections/digest-of-uk-energy-statistics-dukes;https://www.gov.uk/government/collections/renewable-energy-planning-data,https://www.gov.uk/government/collections/digest-of-uk-energy-statistics-dukes;https://www.gov.uk/government/collections/renewable-energy-planning-data,2016,,,,,2.468940124
GBR,United Kingdom,Creswell Solar Park (resubmission),GBR0005224,5,53.2558,-1.2074,Solar,,,,,Sovereign Energy Partners,Department for Business Energy & Industrial Strategy,https://www.gov.uk/government/collections/digest-of-uk-energy-statistics-dukes;https://www.gov.uk/government/collections/renewable-energy-planning-data,https://www.gov.uk/government/collections/digest-of-uk-energy-statistics-dukes;https://www.gov.uk/government/collections/renewable-energy-planning-data,2016,,,,,2.468940124
GBR,United Kingdom,Crighshane,GBR0004041,28,54.6399,-7.7526,Wind,,,,,Energia Renewables,Department for Business Energy & Industrial Strategy,https://www.gov.uk/government/collections/digest-of-uk-energy-statistics-dukes;https://www.gov.uk/government/collections/renewable-energy-planning-data,https://www.gov.uk/government/collections/digest-of-uk-energy-statistics-dukes;https://www.gov.uk/government/collections/renewable-energy-planning-data,2016,,,,,48.17532762
GBR,United Kingdom,Crimp Wind Farm - resubmission,GBR0003458,2.4,50.9119,-4.4881,Wind,,,,,Crimp Power Ltd (West Coast Energy),Department for Business Energy & Industrial Strategy,https://www.gov.uk/government/collections/digest-of-uk-energy-statistics-dukes;https://www.gov.uk/government/collections/renewable-energy-planning-data,https://www.gov.uk/government/collections/digest-of-uk-energy-statistics-dukes;https://www.gov.uk/government/collections/renewable-energy-planning-data,2016,,,,,4.129313796
GBR,United Kingdom,Crockagarran,GBR0004048,15,54.5502,-7.0168,Wind,,,,,ESB,Department for Business Energy & Industrial Strategy,https://www.gov.uk/government/collections/digest-of-uk-energy-statistics-dukes;https://www.gov.uk/government/collections/renewable-energy-planning-data,https://www.gov.uk/government/collections/digest-of-uk-energy-statistics-dukes;https://www.gov.uk/government/collections/renewable-energy-planning-data,2016,,,,,25.80821123
GBR,United Kingdom,Crockagarron Ext,GBR0003717,2.5,54.5516,-7.009,Wind,,,,,,Department for Business Energy & Industrial Strategy,https://www.gov.uk/government/collections/digest-of-uk-energy-statistics-dukes;https://www.gov.uk/government/collections/renewable-energy-planning-data,https://www.gov.uk/government/collections/digest-of-uk-energy-statistics-dukes;https://www.gov.uk/government/collections/renewable-energy-planning-data,2016,,,,,4.301368538
GBR,United Kingdom,Crockandun,GBR0004156,15,54.7395,-6.7719,Wind,,,,,Brookfield Renewable Energy Group,Department for Business Energy & Industrial Strategy,https://www.gov.uk/government/collections/digest-of-uk-energy-statistics-dukes;https://www.gov.uk/government/collections/renewable-energy-planning-data,https://www.gov.uk/government/collections/digest-of-uk-energy-statistics-dukes;https://www.gov.uk/government/collections/renewable-energy-planning-data,2016,,,,,25.80821123
GBR,United Kingdom,Crockbaravally Wind Farm,GBR0004255,7.5,54.553,-7.0477,Wind,,,,,Golden Square Energy,Department for Business Energy & Industrial Strategy,https://www.gov.uk/government/collections/digest-of-uk-energy-statistics-dukes;https://www.gov.uk/government/collections/renewable-energy-planning-data,https://www.gov.uk/government/collections/digest-of-uk-energy-statistics-dukes;https://www.gov.uk/government/collections/renewable-energy-planning-data,2016,,,,,12.90410561
GBR,United Kingdom,Crockbrack,GBR0003713,2,54.6145,-6.9552,Wind,,,,,Gaelectric Developments/ CGN Europe Energy,Department for Business Energy & Industrial Strategy,https://www.gov.uk/government/collections/digest-of-uk-energy-statistics-dukes;https://www.gov.uk/government/collections/renewable-energy-planning-data,https://www.gov.uk/government/collections/digest-of-uk-energy-statistics-dukes;https://www.gov.uk/government/collections/renewable-energy-planning-data,2016,,,,,3.44109483
GBR,United Kingdom,Crockdun,GBR0004320,12.5,54.5689,-7.0494,Wind,,,,,ESB (Northern Wind Power),Department for Business Energy & Industrial Strategy,https://www.gov.uk/government/collections/digest-of-uk-energy-statistics-dukes;https://www.gov.uk/government/collections/renewable-energy-planning-data,https://www.gov.uk/government/collections/digest-of-uk-energy-statistics-dukes;https://www.gov.uk/government/collections/renewable-energy-planning-data,2016,,,,,21.50684269
GBR,United Kingdom,Crockers Hele,GBR0001729,1.3,50.8423,-4.0951,Solar,,,,,Mr Knapman,Department for Business Energy & Industrial Strategy,https://www.gov.uk/government/collections/digest-of-uk-energy-statistics-dukes;https://www.gov.uk/government/collections/renewable-energy-planning-data,https://www.gov.uk/government/collections/digest-of-uk-energy-statistics-dukes;https://www.gov.uk/government/collections/renewable-energy-planning-data,2016,,,,,0.641924432
GBR,United Kingdom,Croda Chemicals Europe,GBR0002932,3,53.6823,-1.0072,Wind,,,,,Croda Chemicals   Oak Road  Kingston-Upon-Hull,Department for Business Energy & Industrial Strategy,https://www.gov.uk/government/collections/digest-of-uk-energy-statistics-dukes;https://www.gov.uk/government/collections/renewable-energy-planning-data,https://www.gov.uk/government/collections/digest-of-uk-energy-statistics-dukes;https://www.gov.uk/government/collections/renewable-energy-planning-data,2016,,,,,5.161642245
GBR,United Kingdom,Crook Hill (Revised Application - Calderdale MBC) 1 of 2,GBR0004354,13.6,53.6681,-2.1117,Wind,,,,,Infrared Capital Partners,Department for Business Energy & Industrial Strategy,https://www.gov.uk/government/collections/digest-of-uk-energy-statistics-dukes;https://www.gov.uk/government/collections/renewable-energy-planning-data,https://www.gov.uk/government/collections/digest-of-uk-energy-statistics-dukes;https://www.gov.uk/government/collections/renewable-energy-planning-data,2016,,,,,23.39944485
GBR,United Kingdom,Crook Hill (Revised Application - Rochdale MBC) 2 of 2,GBR0004659,23.8,53.6705,-2.1148,Wind,,,,,Infrared Capital Partners,Department for Business Energy & Industrial Strategy,https://www.gov.uk/government/collections/digest-of-uk-energy-statistics-dukes;https://www.gov.uk/government/collections/renewable-energy-planning-data,https://www.gov.uk/government/collections/digest-of-uk-energy-statistics-dukes;https://www.gov.uk/government/collections/renewable-energy-planning-data,2016,,,,,40.94902848
GBR,United Kingdom,Crookedstone Road,GBR0001523,4.8,54.6707,-6.1985,Solar,,,,,Lightsource Renewable Energy,Department for Business Energy & Industrial Strategy,https://www.gov.uk/government/collections/digest-of-uk-energy-statistics-dukes;https://www.gov.uk/government/collections/renewable-energy-planning-data,https://www.gov.uk/government/collections/digest-of-uk-energy-statistics-dukes;https://www.gov.uk/government/collections/renewable-energy-planning-data,2016,,,,,2.370182519
GBR,United Kingdom,Crystal Rig Phase 1,GBR0003114,62.5,55.883,-2.5075,Wind,,,,,Fred Olsen Renewables,Department for Business Energy & Industrial Strategy,https://www.gov.uk/government/collections/digest-of-uk-energy-statistics-dukes;https://www.gov.uk/government/collections/renewable-energy-planning-data,https://www.gov.uk/government/collections/digest-of-uk-energy-statistics-dukes;https://www.gov.uk/government/collections/renewable-energy-planning-data,2016,,,,,107.5342134
GBR,United Kingdom,Crystal Rig Wind Farm Phase 2a,GBR0003440,138,55.8995,-2.5293,Wind,,,,,Fred Olsen Renewables,Department for Business Energy & Industrial Strategy,https://www.gov.uk/government/collections/digest-of-uk-energy-statistics-dukes;https://www.gov.uk/government/collections/renewable-energy-planning-data,https://www.gov.uk/government/collections/digest-of-uk-energy-statistics-dukes;https://www.gov.uk/government/collections/renewable-energy-planning-data,2016,,,,,237.4355433
GBR,United Kingdom,Crystal Rig Wind Farm Phase III,GBR0004215,13.8,55.9264,-2.5345,Wind,,,,,Fred Olsen Renewables,Department for Business Energy & Industrial Strategy,https://www.gov.uk/government/collections/digest-of-uk-energy-statistics-dukes;https://www.gov.uk/government/collections/renewable-energy-planning-data,https://www.gov.uk/government/collections/digest-of-uk-energy-statistics-dukes;https://www.gov.uk/government/collections/renewable-energy-planning-data,2016,,,,,23.74355433
GBR,United Kingdom,Cuaich,GBR0000471,2.5,56.9562,-4.211,Hydro,,,,,Scottish and Southern Energy (SSE),Department for Business Energy & Industrial Strategy,https://www.gov.uk/government/collections/digest-of-uk-energy-statistics-dukes;https://www.gov.uk/government/collections/renewable-energy-planning-data,https://www.gov.uk/government/collections/digest-of-uk-energy-statistics-dukes;https://www.gov.uk/government/collections/renewable-energy-planning-data,2016,,,,,5.811163691
GBR,United Kingdom,Cuckoo Grove Farm,GBR0002376,7.5,51.8099,-5.0074,Solar,,,,,,Department for Business Energy & Industrial Strategy,https://www.gov.uk/government/collections/digest-of-uk-energy-statistics-dukes;https://www.gov.uk/government/collections/renewable-energy-planning-data,https://www.gov.uk/government/collections/digest-of-uk-energy-statistics-dukes;https://www.gov.uk/government/collections/renewable-energy-planning-data,2016,,,,,3.703410185
GBR,United Kingdom,Cuileig Hydro Scheme,GBR0000434,3.3,57.7633,-5.0392,Hydro,,,,,Scottish Hydro-Electric plc,Department for Business Energy & Industrial Strategy,https://www.gov.uk/government/collections/digest-of-uk-energy-statistics-dukes;https://www.gov.uk/government/collections/renewable-energy-planning-data,https://www.gov.uk/government/collections/digest-of-uk-energy-statistics-dukes;https://www.gov.uk/government/collections/renewable-energy-planning-data,2016,,,,,7.670736072
GBR,United Kingdom,Culligran,GBR1000379,17,57.346,-4.7627,Hydro,,,,,Scottish and Southern: Hydro Schemes - Affric/Beauly,Department for Business Energy & Industrial Strategy,https://www.gov.uk/government/collections/digest-of-uk-energy-statistics-dukes;https://www.gov.uk/government/collections/renewable-energy-planning-data,https://www.gov.uk/government/collections/digest-of-uk-energy-statistics-dukes;https://www.gov.uk/government/collections/renewable-energy-planning-data,2016,,,,,39.5159131
GBR,United Kingdom,Culligran Compensation Set,GBR1000380,2.1,57.346,-4.7627,Hydro,,,,,Scottish and Southern: Hydro Schemes - Affric/Beauly,Department for Business Energy & Industrial Strategy,https://www.gov.uk/government/collections/digest-of-uk-energy-statistics-dukes;https://www.gov.uk/government/collections/renewable-energy-planning-data,https://www.gov.uk/government/collections/digest-of-uk-energy-statistics-dukes;https://www.gov.uk/government/collections/renewable-energy-planning-data,2016,,,,,4.8813775
