country,country_long,name,gppd_idnr,capacity_mw,latitude,longitude,fuel1,fuel2,fuel3,commissioning_year,owner,source,url,geolocation_source,year_of_capacity_data,generation_gwh_2013,generation_gwh_2014,generation_gwh_2015,generation_gwh_2016,estimated_generation_gwh
ARG,Argentina,AGUA DEL CAJON (GENERADOR DEL MEM),ARG0000232,192,-38.9368,-68.3556,Gas,,,1994,Unknown,Ministerio de Energía y Minería,http://energia3.mecon.gov.ar/contenidos/archivos/Reorganizacion/informacion_del_mercado/publicaciones/mercado_electrico/estadisticosectorelectrico/2015/A1.POT_GEN_COMB_POR_CENTRAL_2015.xlsx,Ministerio de Energía y Minería,2015,,,910.58,,3237.665
ARG,Argentina,AGUA DEL TORO,ARG0000210,130,-34.5792,-68.9892,Hydro,,,1982,HIDISA,Ministerio de Energía y Minería,http://energia3.mecon.gov.ar/contenidos/archivos/Reorganizacion/informacion_del_mercado/publicaciones/mercado_electrico/estadisticosectorelectrico/2015/A1.POT_GEN_COMB_POR_CENTRAL_2015.xlsx,Ministerio de Energía y Minería,2015,,,188.01381,,537.54
ARG,Argentina,ALICURA,ARG0000230,1050,-40.58,-70.7489,Hydro,,,1987,AES ARGENTINA GENERACION SA,Ministerio de Energía y Minería,http://energia3.mecon.gov.ar/contenidos/archivos/Reorganizacion/informacion_del_mercado/publicaciones/mercado_electrico/estadisticosectorelectrico/2015/A1.POT_GEN_COMB_POR_CENTRAL_2015.xlsx,Ministerio de Energía y Minería,2015,,,1934.053,,4341.666
ARG,Argentina,ALMIRANTE BROWN,ARG0000156,25,-34.8386,-58.4033,Oil,,,,CT ALMIRANTE BROWN SA,Ministerio de Energía y Minería,http://energia3.mecon.gov.ar/contenidos/archivos/Reorganizacion/informacion_del_mercado/publicaciones/mercado_electrico/estadisticosectorelectrico/2015/A1.POT_GEN_COMB_POR_CENTRAL_2015.xlsx,Ministerio de Energía y Minería,2015,,,17.587,,350.154
ARG,Argentina,ALTO VALLE,ARG0000235,25,-38.9524,-68.0218,Gas,,,1969,CT ALTO VALLE SA,Ministerio de Energía y Minería,http://energia3.mecon.gov.ar/contenidos/archivos/Reorganizacion/informacion_del_mercado/publicaciones/mercado_electrico/estadisticosectorelectrico/2015/A1.POT_GEN_COMB_POR_CENTRAL_2015.xlsx,Ministerio de Energía y Minería,2015,,,11.4201,,421.571
ARG,Argentina,ALTO VALLE,ARG0000237,15,-38.9524,-68.0218,Gas,,,1969,Unknown,Ministerio de Energía y Minería,http://energia3.mecon.gov.ar/contenidos/archivos/Reorganizacion/informacion_del_mercado/publicaciones/mercado_electrico/estadisticosectorelectrico/2015/A1.POT_GEN_COMB_POR_CENTRAL_2015.xlsx,Ministerio de Energía y Minería,2015,,,185.9452,,252.943
ARG,Argentina,ALTO VALLE,ARG0000239,17.5,-38.9524,-68.0218,Gas,,,1969,Unknown,Ministerio de Energía y Minería,http://energia3.mecon.gov.ar/contenidos/archivos/Reorganizacion/informacion_del_mercado/publicaciones/mercado_electrico/estadisticosectorelectrico/2015/A1.POT_GEN_COMB_POR_CENTRAL_2015.xlsx,Ministerio de Energía y Minería,2015,,,21.8961,,295.1
ARG,Argentina,ALVAREZ CONDARCO,ARG0000194,50.7,-33.0452,-69.0516,Hydro,,,2003,CEMPPSA  HIDROCUYO SA,Ministerio de Energía y Minería,http://energia3.mecon.gov.ar/contenidos/archivos/Reorganizacion/informacion_del_mercado/publicaciones/mercado_electrico/estadisticosectorelectrico/2015/A1.POT_GEN_COMB_POR_CENTRAL_2015.xlsx,Ministerio de Energía y Minería,2015,,,148.70501,,209.64
ARG,Argentina,ARROYITO,ARG0000254,128,-39.1009,-68.5982,Hydro,,,1977,H EL CHOCON SA,Ministerio de Energía y Minería,http://energia3.mecon.gov.ar/contenidos/archivos/Reorganizacion/informacion_del_mercado/publicaciones/mercado_electrico/estadisticosectorelectrico/2015/A1.POT_GEN_COMB_POR_CENTRAL_2015.xlsx,Ministerio de Energía y Minería,2015,,,625.8452,,529.27
ARG,Argentina,CT LAS ARMAS,ARG0000024,10.4,-37.0781,-57.8181,Gas,,,,Unknown,Ministerio de Energía y Minería,http://energia3.mecon.gov.ar/contenidos/archivos/Reorganizacion/informacion_del_mercado/publicaciones/mercado_electrico/estadisticosectorelectrico/2015/A1.POT_GEN_COMB_POR_CENTRAL_2015.xlsx,Ministerio de Energía y Minería,2015,,,151.741,,175.374
ARG,Argentina,CT LAS PALMAS,ARG0000066,6,-27.0289,-58.6997,Oil,,,,TURBODISEL SA,Ministerio de Energía y Minería,http://energia3.mecon.gov.ar/contenidos/archivos/Reorganizacion/informacion_del_mercado/publicaciones/mercado_electrico/estadisticosectorelectrico/2015/A1.POT_GEN_COMB_POR_CENTRAL_2015.xlsx,Ministerio de Energía y Minería,2015,,,11.819,,84.037
ARG,Argentina,CT LIBERTADOR GENERAL SAN MARTIN,ARG0000170,15,-40.8421,-68.0869,Oil,,,,SULLAIR ARGENTINA SA,Ministerio de Energía y Minería,http://energia3.mecon.gov.ar/contenidos/archivos/Reorganizacion/informacion_del_mercado/publicaciones/mercado_electrico/estadisticosectorelectrico/2015/A1.POT_GEN_COMB_POR_CENTRAL_2015.xlsx,Ministerio de Energía y Minería,2015,,,12.844,,210.093
ARG,Argentina,CT LINCOLN,ARG0000036,15.002,-34.8578,-61.5206,Oil,,,,Unknown,Ministerio de Energía y Minería,http://energia3.mecon.gov.ar/contenidos/archivos/Reorganizacion/informacion_del_mercado/publicaciones/mercado_electrico/estadisticosectorelectrico/2015/A1.POT_GEN_COMB_POR_CENTRAL_2015.xlsx,Ministerio de Energía y Minería,2015,,,50.769,,210.1
ARG,Argentina,CT LOBOS,ARG0000041,15.686,-35.1917,-59.0808,Oil,,,,Unknown,Ministerio de Energía y Minería,http://energia3.mecon.gov.ar/contenidos/archivos/Reorganizacion/informacion_del_mercado/publicaciones/mercado_electrico/estadisticosectorelectrico/2015/A1.POT_GEN_COMB_POR_CENTRAL_2015.xlsx,Ministerio de Energía y Minería,2015,,,52.083,,219.7
ARG,Argentina,CT MAGDALENA,ARG0000005,25,-35.1001,-57.4839,Oil,,,,APR ENERGY SRL,Ministerio de Energía y Minería,http://energia3.mecon.gov.ar/contenidos/archivos/Reorganizacion/informacion_del_mercado/publicaciones/mercado_electrico/estadisticosectorelectrico/2015/A1.POT_GEN_COMB_POR_CENTRAL_2015.xlsx,Ministerio de Energía y Minería,2015,,,19.047,,350.2
ARG,Argentina,CT MATHEU,ARG0000163,41,-34.3931,-58.8372,Gas,,,,GENNEIA SA,Ministerio de Energía y Minería,http://energia3.mecon.gov.ar/contenidos/archivos/Reorganizacion/informacion_del_mercado/publicaciones/mercado_electrico/estadisticosectorelectrico/2015/A1.POT_GEN_COMB_POR_CENTRAL_2015.xlsx,Ministerio de Energía y Minería,2015,,,67.51,,691.4
ARG,Argentina,CT MEDANITOS (RINCON DE LOS SAUCES),ARG0000258,32,-37.4102,-68.9,Oil,,,,MEDANITO SA,Ministerio de Energía y Minería,http://energia3.mecon.gov.ar/contenidos/archivos/Reorganizacion/informacion_del_mercado/publicaciones/mercado_electrico/estadisticosectorelectrico/2015/A1.POT_GEN_COMB_POR_CENTRAL_2015.xlsx,Ministerio de Energía y Minería,2015,,,216.807,,448.2
ARG,Argentina,CT MIRAMAR I,ARG0000022,20,-38.2472,-57.8242,Oil,,,,ENERGYST RENTAL SOLUTIONS ARGENTINA SA,Ministerio de Energía y Minería,http://energia3.mecon.gov.ar/contenidos/archivos/Reorganizacion/informacion_del_mercado/publicaciones/mercado_electrico/estadisticosectorelectrico/2015/A1.POT_GEN_COMB_POR_CENTRAL_2015.xlsx,Ministerio de Energía y Minería,2015,,,45.781,,280.1
ARG,Argentina,CT OLAVARRIA,ARG0000026,38.8,-36.9439,-60.2361,Gas,,,,Unknown,Ministerio de Energía y Minería,http://energia3.mecon.gov.ar/contenidos/archivos/Reorganizacion/informacion_del_mercado/publicaciones/mercado_electrico/estadisticosectorelectrico/2015/A1.POT_GEN_COMB_POR_CENTRAL_2015.xlsx,Ministerio de Energía y Minería,2015,,,80.245,,654.3
ARG,Argentina,CT ORAN,ARG0000286,15,-23.1258,-64.3069,Oil,,,,INDUSTRIAS JUAN F SECCO,Ministerio de Energía y Minería,http://energia3.mecon.gov.ar/contenidos/archivos/Reorganizacion/informacion_del_mercado/publicaciones/mercado_electrico/estadisticosectorelectrico/2015/A1.POT_GEN_COMB_POR_CENTRAL_2015.xlsx,Ministerio de Energía y Minería,2015,,,19.34,,210.1
ARG,Argentina,CT PARANA,ARG0000148,40,-31.7764,-60.4553,Gas,,,,Unknown,Ministerio de Energía y Minería,http://energia3.mecon.gov.ar/contenidos/archivos/Reorganizacion/informacion_del_mercado/publicaciones/mercado_electrico/estadisticosectorelectrico/2015/A1.POT_GEN_COMB_POR_CENTRAL_2015.xlsx,Ministerio de Energía y Minería,2015,,,81.518,,674.5
ARG,Argentina,CT PARQUE INDUSTRIAL CATAMARCA,ARG0000056,15,-28.5339,-65.7997,Oil,,,,Unknown,Ministerio de Energía y Minería,http://energia3.mecon.gov.ar/contenidos/archivos/Reorganizacion/informacion_del_mercado/publicaciones/mercado_electrico/estadisticosectorelectrico/2015/A1.POT_GEN_COMB_POR_CENTRAL_2015.xlsx,Ministerio de Energía y Minería,2015,,,30.633,,210.1
ARG,Argentina,CT PASO DE LA PATRIA,ARG0000141,7.2,-27.3236,-58.5667,Oil,,,,Unknown,Ministerio de Energía y Minería,http://energia3.mecon.gov.ar/contenidos/archivos/Reorganizacion/informacion_del_mercado/publicaciones/mercado_electrico/estadisticosectorelectrico/2015/A1.POT_GEN_COMB_POR_CENTRAL_2015.xlsx,Ministerio de Energía y Minería,2015,,,7.369,,100.8
ARG,Argentina,CT PEHUAJO,ARG0000037,22.4,-35.8336,-61.8758,Oil,,,,Unknown,Ministerio de Energía y Minería,http://energia3.mecon.gov.ar/contenidos/archivos/Reorganizacion/informacion_del_mercado/publicaciones/mercado_electrico/estadisticosectorelectrico/2015/A1.POT_GEN_COMB_POR_CENTRAL_2015.xlsx,Ministerio de Energía y Minería,2015,,,84.549,,313.7
ARG,Argentina,CT PINAMAR,ARG0000027,21,-37.0953,-56.8789,Gas,,,,Unknown,Ministerio de Energía y Minería,http://energia3.mecon.gov.ar/contenidos/archivos/Reorganizacion/informacion_del_mercado/publicaciones/mercado_electrico/estadisticosectorelectrico/2015/A1.POT_GEN_COMB_POR_CENTRAL_2015.xlsx,Ministerio de Energía y Minería,2015,,,98.305,,354.1
ARG,Argentina,CT PIRANE,ARG0000154,16.25,-25.6786,-59.0756,Oil,,,,SULLAIR ARGENTINA SA,Unknown,http://energia3.mecon.gov.ar/contenidos/archivos/Reorganizacion/informacion_del_mercado/publicaciones/mercado_electrico/estadisticosectorelectrico/2015/A1.POT_GEN_COMB_POR_CENTRAL_2015.xlsx,Ministerio de Energía y Minería,2015,,,21.428,,227.6
ARG,Argentina,CT PLUSPETROL NORTE,ARG0000337,246,-26.9955,-65.166,Gas,,,2003,GENERADORA ELCTRICA TUCUMN SA,Unknown,http://energia3.mecon.gov.ar/contenidos/archivos/Reorganizacion/informacion_del_mercado/publicaciones/mercado_electrico/estadisticosectorelectrico/2015/A1.POT_GEN_COMB_POR_CENTRAL_2015.xlsx,Ministerio de Energía y Minería,2015,,,575.198,,4148.3
ARG,Argentina,CT RAFAELA,ARG0000315,19.2,-31.2567,-61.5203,Oil,,,,Unknown,Unknown,http://energia3.mecon.gov.ar/contenidos/archivos/Reorganizacion/informacion_del_mercado/publicaciones/mercado_electrico/estadisticosectorelectrico/2015/A1.POT_GEN_COMB_POR_CENTRAL_2015.xlsx,Ministerio de Energía y Minería,2015,,,14.69,,268.9
ARG,Argentina,CT REALICO,ARG0000184,24,-35.055,-64.2406,Oil,,,,INDUSTRIAS JUAN F SECCO,Unknown,http://energia3.mecon.gov.ar/contenidos/archivos/Reorganizacion/informacion_del_mercado/publicaciones/mercado_electrico/estadisticosectorelectrico/2015/A1.POT_GEN_COMB_POR_CENTRAL_2015.xlsx,Ministerio de Energía y Minería,2015,,,28.429,,336.1
ARG,Argentina,CT ROCA,ARG0000262,130,-31.8919,-60.0106,Gas,,,1995,CENTRAL TERMICA ROCA SA ALBANESI SA,Ministerio de Energía y Minería,http://energia3.mecon.gov.ar/contenidos/archivos/Reorganizacion/informacion_del_mercado/publicaciones/mercado_electrico/estadisticosectorelectrico/2015/A1.POT_GEN_COMB_POR_CENTRAL_2015.xlsx,Ministerio de Energía y Minería,2015,,,252.591,,2192.2
ARG,Argentina,CT SAENZ PEÑA  I,ARG0000062,20,-26.8156,-60.4114,Oil,,,,APR ENERGY SRL,Ministerio de Energía y Minería,http://energia3.mecon.gov.ar/contenidos/archivos/Reorganizacion/informacion_del_mercado/publicaciones/mercado_electrico/estadisticosectorelectrico/2015/A1.POT_GEN_COMB_POR_CENTRAL_2015.xlsx,Ministerio de Energía y Minería,2015,,,20.875,,280.1
ARG,Argentina,CT SAENZ PEÑA  II,ARG0000060,15,-26.8153,-60.4125,Oil,,,,Unknown,Ministerio de Energía y Minería,http://energia3.mecon.gov.ar/contenidos/archivos/Reorganizacion/informacion_del_mercado/publicaciones/mercado_electrico/estadisticosectorelectrico/2015/A1.POT_GEN_COMB_POR_CENTRAL_2015.xlsx,Ministerio de Energía y Minería,2015,,,15.918,,210.1
ARG,Argentina,CT SALTO,ARG0000038,22.5,-27.4597,-65.6055,Oil,,,,Unknown,Ministerio de Energía y Minería,http://energia3.mecon.gov.ar/contenidos/archivos/Reorganizacion/informacion_del_mercado/publicaciones/mercado_electrico/estadisticosectorelectrico/2015/A1.POT_GEN_COMB_POR_CENTRAL_2015.xlsx,Ministerio de Energía y Minería,2015,,,77.323,,315.1
ARG,Argentina,CT SAN MARTIN NORTE III,ARG0000161,5.1,-34.5252,-58.6206,Oil,,,,Unknown,Ministerio de Energía y Minería,http://energia3.mecon.gov.ar/contenidos/archivos/Reorganizacion/informacion_del_mercado/publicaciones/mercado_electrico/estadisticosectorelectrico/2015/A1.POT_GEN_COMB_POR_CENTRAL_2015.xlsx,Ministerio de Energía y Minería,2015,,,16.262,,71.4
ARG,Argentina,CT SAN MIGUEL NORTE III,ARG0000162,11.5,-34.5252,-58.6206,Oil,,,,Unknown,Ministerio de Energía y Minería,http://energia3.mecon.gov.ar/contenidos/archivos/Reorganizacion/informacion_del_mercado/publicaciones/mercado_electrico/estadisticosectorelectrico/2015/A1.POT_GEN_COMB_POR_CENTRAL_2015.xlsx,Ministerio de Energía y Minería,2015,,,67.337,,161.1
ARG,Argentina,CT SANTA ROSA,ARG0000142,6,-28.2628,-58.0006,Oil,,,,Unknown,Ministerio de Energía y Minería,http://energia3.mecon.gov.ar/contenidos/archivos/Reorganizacion/informacion_del_mercado/publicaciones/mercado_electrico/estadisticosectorelectrico/2015/A1.POT_GEN_COMB_POR_CENTRAL_2015.xlsx,Ministerio de Energía y Minería,2015,,,13.871,,84
ARG,Argentina,CT TARTAGAL,ARG0000288,10,-22.5406,-63.8056,Oil,,,,SOENERGY ARGENTINA SA,Ministerio de Energía y Minería,http://energia3.mecon.gov.ar/contenidos/archivos/Reorganizacion/informacion_del_mercado/publicaciones/mercado_electrico/estadisticosectorelectrico/2015/A1.POT_GEN_COMB_POR_CENTRAL_2015.xlsx,Ministerio de Energía y Minería,2015,,,12.588,,140.1
ARG,Argentina,CT TEREVINTOS,ARG0000057,8,-28.4289,-65.7878,Oil,,,,Unknown,Ministerio de Energía y Minería,http://energia3.mecon.gov.ar/contenidos/archivos/Reorganizacion/informacion_del_mercado/publicaciones/mercado_electrico/estadisticosectorelectrico/2015/A1.POT_GEN_COMB_POR_CENTRAL_2015.xlsx,Ministerio de Energía y Minería,2015,,,9.432,,112.049
ARG,Argentina,CT TINOGASTA,ARG0000058,15,-28.0486,-67.5667,Oil,,,,SULLAIR ARGENTINA SA,Ministerio de Energía y Minería,http://energia3.mecon.gov.ar/contenidos/archivos/Reorganizacion/informacion_del_mercado/publicaciones/mercado_electrico/estadisticosectorelectrico/2015/A1.POT_GEN_COMB_POR_CENTRAL_2015.xlsx,Ministerio de Energía y Minería,2015,,,19.031,,210.093
ARG,Argentina,CT VENADO TUERTO,ARG0000316,19.2,-33.7736,-61.9564,Oil,,,,Unknown,Ministerio de Energía y Minería,http://energia3.mecon.gov.ar/contenidos/archivos/Reorganizacion/informacion_del_mercado/publicaciones/mercado_electrico/estadisticosectorelectrico/2015/A1.POT_GEN_COMB_POR_CENTRAL_2015.xlsx,Ministerio de Energía y Minería,2015,,,18.083,,268.919
ARG,Argentina,CT VIALE,ARG0000143,10,-31.8919,-60.0106,Oil,,,,AGGREKO ARGENTINA SRL,Ministerio de Energía y Minería,http://energia3.mecon.gov.ar/contenidos/archivos/Reorganizacion/informacion_del_mercado/publicaciones/mercado_electrico/estadisticosectorelectrico/2015/A1.POT_GEN_COMB_POR_CENTRAL_2015.xlsx,Ministerio de Energía y Minería,2015,,,9.29,,140.062
ARG,Argentina,CT VILLA ANGELA,ARG0000061,15,-27.5808,-60.7094,Oil,,,,Unknown,Ministerio de Energía y Minería,http://energia3.mecon.gov.ar/contenidos/archivos/Reorganizacion/informacion_del_mercado/publicaciones/mercado_electrico/estadisticosectorelectrico/2015/A1.POT_GEN_COMB_POR_CENTRAL_2015.xlsx,Ministerio de Energía y Minería,2015,,,20.372,,210.093
ARG,Argentina,CT VILLA REGINA,ARG0000261,5,-39.0872,-67.0881,Oil,,,,Unknown,Ministerio de Energía y Minería,http://energia3.mecon.gov.ar/contenidos/archivos/Reorganizacion/informacion_del_mercado/publicaciones/mercado_electrico/estadisticosectorelectrico/2015/A1.POT_GEN_COMB_POR_CENTRAL_2015.xlsx,Ministerio de Energía y Minería,2015,,,2.021,,70.031
ARG,Argentina,CUESTA DEL VIENTO,ARG0000297,10.55,-30.1833,-69.0667,Hydro,,,1997,Unknown,Ministerio de Energía y Minería,http://energia3.mecon.gov.ar/contenidos/archivos/Reorganizacion/informacion_del_mercado/publicaciones/mercado_electrico/estadisticosectorelectrico/2015/A1.POT_GEN_COMB_POR_CENTRAL_2015.xlsx,Ministerio de Energía y Minería,2015,,,15.321,,43.623
ARG,Argentina,DEAN FUNES,ARG0000088,70.12,-31.3934,-64.2059,Coal,Oil,Gas,1967,Unknown,Ministerio de Energía y Minería,http://energia3.mecon.gov.ar/contenidos/archivos/Reorganizacion/informacion_del_mercado/publicaciones/mercado_electrico/estadisticosectorelectrico/2015/A1.POT_GEN_COMB_POR_CENTRAL_2015.xlsx,Ministerio de Energía y Minería,2015,,,35.845,,40.297
ARG,Argentina,DIQUE,ARG0000157,68.44,-34.8902,-57.933,Oil,Gas,,1969,CENTRAL DIQUE SA,Ministerio de Energía y Minería,http://energia3.mecon.gov.ar/contenidos/archivos/Reorganizacion/informacion_del_mercado/publicaciones/mercado_electrico/estadisticosectorelectrico/2015/A1.POT_GEN_COMB_POR_CENTRAL_2015.xlsx,Ministerio de Energía y Minería,2015,,,15.869,,958.583
ARG,Argentina,EL CADILLAL,ARG0000338,14,-26.6156,-65.1929,Hydro,,,1966,H TUCUMAN SA,Ministerio de Energía y Minería,http://energia3.mecon.gov.ar/contenidos/archivos/Reorganizacion/informacion_del_mercado/publicaciones/mercado_electrico/estadisticosectorelectrico/2015/A1.POT_GEN_COMB_POR_CENTRAL_2015.xlsx,Ministerio de Energía y Minería,2015,,,44.52265,,57.889
ARG,Argentina,EL CARRIZAL,ARG0000196,17,-33.2993,-68.7199,Hydro,,,1971,Unknown,Ministerio de Energía y Minería,http://energia3.mecon.gov.ar/contenidos/archivos/Reorganizacion/informacion_del_mercado/publicaciones/mercado_electrico/estadisticosectorelectrico/2015/A1.POT_GEN_COMB_POR_CENTRAL_2015.xlsx,Ministerio de Energía y Minería,2015,,,56.4102,,70.294
ARG,Argentina,EL CHOCON,ARG0000255,1200,-39.2577,-68.7483,Hydro,,,1976,Unknown,Ministerio de Energía y Minería,http://energia3.mecon.gov.ar/contenidos/archivos/Reorganizacion/informacion_del_mercado/publicaciones/mercado_electrico/estadisticosectorelectrico/2015/A1.POT_GEN_COMB_POR_CENTRAL_2015.xlsx,Ministerio de Energía y Minería,2015,,,2614.7318,,4961.904
ARG,Argentina,EL TIGRE,ARG0000211,14.4,-34.61,-68.6136,Hydro,,,1989,Unknown,Ministerio de Energía y Minería,http://energia3.mecon.gov.ar/contenidos/archivos/Reorganizacion/informacion_del_mercado/publicaciones/mercado_electrico/estadisticosectorelectrico/2015/A1.POT_GEN_COMB_POR_CENTRAL_2015.xlsx,Ministerio de Energía y Minería,2015,,,30.51652,,59.543
ARG,Argentina,EL TUNAL,ARG0000276,11,-25.2323,-64.4762,Hydro,,,1972,Unknown,Ministerio de Energía y Minería,http://energia3.mecon.gov.ar/contenidos/archivos/Reorganizacion/informacion_del_mercado/publicaciones/mercado_electrico/estadisticosectorelectrico/2015/A1.POT_GEN_COMB_POR_CENTRAL_2015.xlsx,Ministerio de Energía y Minería,2015,,,48.447,,1862.523882
ARG,Argentina,EMBALSE,ARG0000112,648,-32.2316,-64.4422,Nuclear,,,1984,NASA,Ministerio de Energía y Minería,http://energia3.mecon.gov.ar/contenidos/archivos/Reorganizacion/informacion_del_mercado/publicaciones/mercado_electrico/estadisticosectorelectrico/2015/A1.POT_GEN_COMB_POR_CENTRAL_2015.xlsx,Ministerio de Energía y Minería,2015,,,711.029,,2115.648
ARG,Argentina,ESCABA,ARG0000339,24,-27.6589,-65.7633,Hydro,,,1956,Unknown,Ministerio de Energía y Minería,http://energia3.mecon.gov.ar/contenidos/archivos/Reorganizacion/informacion_del_mercado/publicaciones/mercado_electrico/estadisticosectorelectrico/2015/A1.POT_GEN_COMB_POR_CENTRAL_2015.xlsx,Ministerio de Energía y Minería,2015,,,113.64808,,99.238
ARG,Argentina,FITZ SIMON,ARG0000089,10.8,-32.1784,-64.4207,Hydro,,,1943,Unknown,Ministerio de Energía y Minería,http://energia3.mecon.gov.ar/contenidos/archivos/Reorganizacion/informacion_del_mercado/publicaciones/mercado_electrico/estadisticosectorelectrico/2015/A1.POT_GEN_COMB_POR_CENTRAL_2015.xlsx,Ministerio de Energía y Minería,2015,,,42.535,,44.657
ARG,Argentina,FLORENTINO AMEGHINO,ARG0000079,60,-43.6996,-66.4815,Hydro,,,1963,H AMEGHINO SA,Ministerio de Energía y Minería,http://energia3.mecon.gov.ar/contenidos/archivos/Reorganizacion/informacion_del_mercado/publicaciones/mercado_electrico/estadisticosectorelectrico/2015/A1.POT_GEN_COMB_POR_CENTRAL_2015.xlsx,Ministerio de Energía y Minería,2015,,,186.42342,,248.095
ARG,Argentina,FUTALEUFU,ARG0000080,472,-43.1288,-71.63,Hydro,,,1978,H FUTALEUFU SA,Ministerio de Energía y Minería,http://energia3.mecon.gov.ar/contenidos/archivos/Reorganizacion/informacion_del_mercado/publicaciones/mercado_electrico/estadisticosectorelectrico/2015/A1.POT_GEN_COMB_POR_CENTRAL_2015.xlsx,Ministerio de Energía y Minería,2015,,,2925.39324,,1951.682
ARG,Argentina,GENERACION FRIAS SA,ARG0000329,60,-28.6072,-65.1228,Gas,,,2015,GENERACIN FRAS SA,Ministerio de Energía y Minería,http://energia3.mecon.gov.ar/contenidos/archivos/Reorganizacion/informacion_del_mercado/publicaciones/mercado_electrico/estadisticosectorelectrico/2015/A1.POT_GEN_COMB_POR_CENTRAL_2015.xlsx,Ministerio de Energía y Minería,2015,,,13.751,,1011.77
ARG,Argentina,GENERAL ACHA,ARG0000182,1.8,-37.4309,-64.716,Wind,,,,COOPERATIVA,Ministerio de Energía y Minería,http://energia3.mecon.gov.ar/contenidos/archivos/Reorganizacion/informacion_del_mercado/publicaciones/mercado_electrico/estadisticosectorelectrico/2015/A1.POT_GEN_COMB_POR_CENTRAL_2015.xlsx,Ministerio de Energía y Minería,2015,,,1.7343,,6.267
ARG,Argentina,GENERAL LEVALLE,ARG0000090,72.78,-34.0364,-63.9217,Oil,Gas,,,Unknown,Ministerio de Energía y Minería,http://energia3.mecon.gov.ar/contenidos/archivos/Reorganizacion/informacion_del_mercado/publicaciones/mercado_electrico/estadisticosectorelectrico/2015/A1.POT_GEN_COMB_POR_CENTRAL_2015.xlsx,Ministerio de Energía y Minería,2015,,,122.11,,1019.369
ARG,Argentina,GENERAL SAN MARTIN,ARG0000208,6,-33.0449,-68.9219,Hydro,,,1950,GEMSA  HIDROCUYO SA,Ministerio de Energía y Minería,http://energia3.mecon.gov.ar/contenidos/archivos/Reorganizacion/informacion_del_mercado/publicaciones/mercado_electrico/estadisticosectorelectrico/2015/A1.POT_GEN_COMB_POR_CENTRAL_2015.xlsx,Ministerio de Energía y Minería,2015,,,16.061,,24.81
ARG,Argentina,GUILLERMO CESPEDES,ARG0000269,5.2,-39.56,-65.6817,Hydro,,,1963,Unknown,Ministerio de Energía y Minería,http://energia3.mecon.gov.ar/contenidos/archivos/Reorganizacion/informacion_del_mercado/publicaciones/mercado_electrico/estadisticosectorelectrico/2015/A1.POT_GEN_COMB_POR_CENTRAL_2015.xlsx,Ministerio de Energía y Minería,,,,24.859,,21.502
ARG,Argentina,H. PICHI PICUN LEUFU,ARG0000272,285,-40.012,-69.9918,Hydro,,,1999,PETROBRAS ENERGIA,Ministerio de Energía y Minería,http://energia3.mecon.gov.ar/contenidos/archivos/Reorganizacion/informacion_del_mercado/publicaciones/mercado_electrico/estadisticosectorelectrico/2015/A1.POT_GEN_COMB_POR_CENTRAL_2015.xlsx,Ministerio de Energía y Minería,2015,,,917.8291,,1178.452
ARG,Argentina,JULIAN  ROMERO,ARG0000270,6.2,-38.8367,-68.038,Hydro,,,,Unknown,Ministerio de Energía y Minería,http://energia3.mecon.gov.ar/contenidos/archivos/Reorganizacion/informacion_del_mercado/publicaciones/mercado_electrico/estadisticosectorelectrico/2015/A1.POT_GEN_COMB_POR_CENTRAL_2015.xlsx,Ministerio de Energía y Minería,2015,,,26.32,,25.637
ARG,Argentina,LA PLATA COGENERACION,ARG0000164,128,-34.889,-57.9206,Gas,,,1997,LA PLATA COGENERACION,Ministerio de Energía y Minería,http://energia3.mecon.gov.ar/contenidos/archivos/Reorganizacion/informacion_del_mercado/publicaciones/mercado_electrico/estadisticosectorelectrico/2015/A1.POT_GEN_COMB_POR_CENTRAL_2015.xlsx,Ministerio de Energía y Minería,2015,,,704.0215,,2158.443
ARG,Argentina,LA RIOJA,ARG0000188,42,-29.3823,-66.8325,Oil,Gas,,,GENERACION RIOJANA SA,Ministerio de Energía y Minería,http://energia3.mecon.gov.ar/contenidos/archivos/Reorganizacion/informacion_del_mercado/publicaciones/mercado_electrico/estadisticosectorelectrico/2015/A1.POT_GEN_COMB_POR_CENTRAL_2015.xlsx,Ministerio de Energía y Minería,2015,,,26.93,,588.259
ARG,Argentina,LA VIÑA,ARG0000094,16,-31.8708,-65.0349,Hydro,,,,Unknown,Ministerio de Energía y Minería,http://energia3.mecon.gov.ar/contenidos/archivos/Reorganizacion/informacion_del_mercado/publicaciones/mercado_electrico/estadisticosectorelectrico/2015/A1.POT_GEN_COMB_POR_CENTRAL_2015.xlsx,Ministerio de Energía y Minería,2015,,,38.508,,66.159
ARG,Argentina,LAS MADERAS,ARG0000169,30,-24.4438,-65.2203,Hydro,,,,HIDROELECTRICA LAS MADERAS,Ministerio de Energía y Minería,http://energia3.mecon.gov.ar/contenidos/archivos/Reorganizacion/informacion_del_mercado/publicaciones/mercado_electrico/estadisticosectorelectrico/2015/A1.POT_GEN_COMB_POR_CENTRAL_2015.xlsx,Ministerio de Energía y Minería,2015,,,92.592,,124.048
ARG,Argentina,LOS CORONELES (EX 25  DE MAYO),ARG0000209,6.6,-34.6,Unknown,Hydro,,,1970,Unknown,Ministerio de Energía y Minería,http://energia3.mecon.gov.ar/contenidos/archivos/Reorganizacion/informacion_del_mercado/publicaciones/mercado_electrico/estadisticosectorelectrico/2015/A1.POT_GEN_COMB_POR_CENTRAL_2015.xlsx,Ministerio de Energía y Minería,2015,,,18.819,,27.29
ARG,Argentina,LOS MOLINOS I,ARG0000096,59.04,-31.838,-64.4452,Hydro,,,1957,Unknown,Unknown,http://energia3.mecon.gov.ar/contenidos/archivos/Reorganizacion/informacion_del_mercado/publicaciones/mercado_electrico/estadisticosectorelectrico/2015/A1.POT_GEN_COMB_POR_CENTRAL_2015.xlsx,Ministerio de Energía y Minería,2015,,,223.2,,244.126
ARG,Argentina,LOS MOLINOS II,ARG0000097,4.5,-31.838,-64.4452,Hydro,,,1958,Unknown,Unknown,http://energia3.mecon.gov.ar/contenidos/archivos/Reorganizacion/informacion_del_mercado/publicaciones/mercado_electrico/estadisticosectorelectrico/2015/A1.POT_GEN_COMB_POR_CENTRAL_2015.xlsx,Ministerio de Energía y Minería,2015,,,23.482,,18.607
ARG,Argentina,LOS QUIROGA,ARG0000331,2.5,-27.6509,-64.3618,Hydro,,,1963,H RIO HONDO SA,Unknown,http://energia3.mecon.gov.ar/contenidos/archivos/Reorganizacion/informacion_del_mercado/publicaciones/mercado_electrico/estadisticosectorelectrico/2015/A1.POT_GEN_COMB_POR_CENTRAL_2015.xlsx,Ministerio de Energía y Minería,2015,,,9.47154,,10.337
ARG,Argentina,LOS REYUNOS,ARG0000212,224,-34.6028,-68.6383,Hydro,,,1983,Unknown,Unknown,http://energia3.mecon.gov.ar/contenidos/archivos/Reorganizacion/informacion_del_mercado/publicaciones/mercado_electrico/estadisticosectorelectrico/2015/A1.POT_GEN_COMB_POR_CENTRAL_2015.xlsx,Ministerio de Energía y Minería,2015,,,149.5986,,926.222
ARG,Argentina,LUJAN DE CUYO,ARG0000202,50.46,-33.0551,-68.981,Gas,,,1988,Unknown,Unknown,http://energia3.mecon.gov.ar/contenidos/archivos/Reorganizacion/informacion_del_mercado/publicaciones/mercado_electrico/estadisticosectorelectrico/2015/A1.POT_GEN_COMB_POR_CENTRAL_2015.xlsx,Ministerio de Energía y Minería,2015,,,348.17275,,850.899
ARG,Argentina,LUJAN DE CUYO,ARG0000198,57.6,-33.0551,-68.981,Gas,,,1988,Unknown,Unknown,http://energia3.mecon.gov.ar/contenidos/archivos/Reorganizacion/informacion_del_mercado/publicaciones/mercado_electrico/estadisticosectorelectrico/2015/A1.POT_GEN_COMB_POR_CENTRAL_2015.xlsx,Ministerio de Energía y Minería,2015,,,120.4183,,971.299
ARG,Argentina,LUJAN DE CUYO,ARG0000199,200,-33.0551,-68.981,Gas,,,1988,Unknown,Ministerio de Energía y Minería,http://energia3.mecon.gov.ar/contenidos/archivos/Reorganizacion/informacion_del_mercado/publicaciones/mercado_electrico/estadisticosectorelectrico/2015/A1.POT_GEN_COMB_POR_CENTRAL_2015.xlsx,Ministerio de Energía y Minería,2015,,,1493.00461,,3372.568
ARG,Argentina,PARQUE EOLICO ARAUCO SAPEM II,ARG0000193,25.2,-28.6684,-66.7524,Wind,,,,Unknown,Ministerio de Energía y Minería,http://energia3.mecon.gov.ar/contenidos/archivos/Reorganizacion/informacion_del_mercado/publicaciones/mercado_electrico/estadisticosectorelectrico/2015/A1.POT_GEN_COMB_POR_CENTRAL_2015.xlsx,Ministerio de Energía y Minería,2015,,,57.433,,87.742
ARG,Argentina,PARQUE EOLICO DIADEMA,ARG0000081,6.3,-45.7458,-67.6953,Wind,,,,HYCHICO SA,Ministerio de Energía y Minería,http://energia3.mecon.gov.ar/contenidos/archivos/Reorganizacion/informacion_del_mercado/publicaciones/mercado_electrico/estadisticosectorelectrico/2015/A1.POT_GEN_COMB_POR_CENTRAL_2015.xlsx,Ministerio de Energía y Minería,2015,,,26.694,,21.936
ARG,Argentina,SORRENTO,ARG0000313,226,-32.9053,-60.6807,Coal,,,1962,GENERACION ROSARIO SA,Ministerio de Energía y Minería,http://energia3.mecon.gov.ar/contenidos/archivos/Reorganizacion/informacion_del_mercado/publicaciones/mercado_electrico/estadisticosectorelectrico/2015/A1.POT_GEN_COMB_POR_CENTRAL_2015.xlsx,Ministerio de Energía y Minería,2015,,,738.804,,129.878
ARG,Argentina,SUDOESTE,ARG0000108,140,-31.463,-64.2388,Gas,,,1981,Unknown,Ministerio de Energía y Minería,http://energia3.mecon.gov.ar/contenidos/archivos/Reorganizacion/informacion_del_mercado/publicaciones/mercado_electrico/estadisticosectorelectrico/2015/A1.POT_GEN_COMB_POR_CENTRAL_2015.xlsx,Ministerio de Energía y Minería,2015,,,21.935,,2360.797
ARG,Argentina,TENARIS SIDERCA CETE II,ARG0000034,163.2,-33.3655,-60.1435,Gas,,,1998,SIDERCA SAIC,Ministerio de Energía y Minería,http://energia3.mecon.gov.ar/contenidos/archivos/Reorganizacion/informacion_del_mercado/publicaciones/mercado_electrico/estadisticosectorelectrico/2015/A1.POT_GEN_COMB_POR_CENTRAL_2015.xlsx,Ministerio de Energía y Minería,2015,,,1035.873,,2752.015
ARG,Argentina,ULLUM,ARG0000290,42,-31.4557,-68.7556,Hydro,,,,Unknown,Ministerio de Energía y Minería,http://energia3.mecon.gov.ar/contenidos/archivos/Reorganizacion/informacion_del_mercado/publicaciones/mercado_electrico/estadisticosectorelectrico/2015/A1.POT_GEN_COMB_POR_CENTRAL_2015.xlsx,Ministerio de Energía y Minería,2015,,,167.039,,173.667
ARG,Argentina,URUGUA-I,ARG0000228,120,-25.8766,-54.5687,Hydro,,,1991,Unknown,Ministerio de Energía y Minería,http://energia3.mecon.gov.ar/contenidos/archivos/Reorganizacion/informacion_del_mercado/publicaciones/mercado_electrico/estadisticosectorelectrico/2015/A1.POT_GEN_COMB_POR_CENTRAL_2015.xlsx,Ministerio de Energía y Minería,2015,,,511.0201,,496.19
ARG,Argentina,VILLA GESELL,ARG0000009,130,-37.2487,-56.9973,Gas,,,,Unknown,Ministerio de Energía y Minería,http://energia3.mecon.gov.ar/contenidos/archivos/Reorganizacion/informacion_del_mercado/publicaciones/mercado_electrico/estadisticosectorelectrico/2015/A1.POT_GEN_COMB_POR_CENTRAL_2015.xlsx,Ministerio de Energía y Minería,2015,,,444.488,,2192.169
ARG,Argentina,VILLA MARIA (LAS PLAYAS),ARG0000109,48,-39.0872,-67.0881,Gas,,,1971,Unknown,Ministerio de Energía y Minería,http://energia3.mecon.gov.ar/contenidos/archivos/Reorganizacion/informacion_del_mercado/publicaciones/mercado_electrico/estadisticosectorelectrico/2015/A1.POT_GEN_COMB_POR_CENTRAL_2015.xlsx,Ministerio de Energía y Minería,2015,,,49.539,,809.416
ARG,Argentina,VUELTA DE OBLIGADO,ARG0000308,560,-32.5807,-60.7903,Coal,Gas,,,CENTRAL VUELTA DE OBLIGADO SA,Ministerio de Energía y Minería,http://energia3.mecon.gov.ar/contenidos/archivos/Reorganizacion/informacion_del_mercado/publicaciones/mercado_electrico/estadisticosectorelectrico/2015/A1.POT_GEN_COMB_POR_CENTRAL_2015.xlsx,Ministerio de Energía y Minería,2015,,,923.07,,321.821
ARG,Argentina,YACYRETA,ARG0000136,1550,-27.4827,-56.7397,Hydro,,,1996,EBY,Ministerio de Energía y Minería,http://energia3.mecon.gov.ar/contenidos/archivos/Reorganizacion/informacion_del_mercado/publicaciones/mercado_electrico/estadisticosectorelectrico/2015/A1.POT_GEN_COMB_POR_CENTRAL_2015.xlsx,Ministerio de Energía y Minería,2015,,,10066.9997,,6409.126
BEL,Belgium,Amercoeur 1 R TGV,WRI1002207,451,50.4304,4.3955,Gas,,,1994,Unknown,ELIA Belgian Grid Operator,http://publications.elia.be/upload/ProductionParkOverview.html?TS=20120416193815,GEODB,,,,2408.374,,2256.521
BEL,Belgium,Belwind Phase 1,WRI1002212,171,51.66,2.8,Wind,,,2010,Unknown,ELIA Belgian Grid Operator,http://publications.elia.be/upload/ProductionParkOverview.html?TS=20120416193815,GEODB,,,,588.189,,901.398
BEL,Belgium,COO,WRI1002221,1164,50.3849,5.8618,Hydro,,,,Unknown,ELIA Belgian Grid Operator,http://publications.elia.be/upload/ProductionParkOverview.html?TS=20120416193815,GEODB,,,,1030.99,,1085.01763
BEL,Belgium,DOEL 4,WRI1002223,2910,51.3254,4.2597,Nuclear,,,1985,Unknown,ELIA Belgian Grid Operator,http://publications.elia.be/upload/ProductionParkOverview.html?TS=20120416193815,GEODB,,,,8122.308,,16550.63114
BEL,Belgium,DROGENBOS TGV,WRI1002226,465,50.8023,4.299,Gas,,,,Unknown,ELIA Belgian Grid Operator,http://publications.elia.be/upload/ProductionParkOverview.html?TS=20120416193815,GEODB,,,,790.253,,2326.56777
BEL,Belgium,HERDERSBRUG STEG,WRI1002234,465,51.2629,3.2112,Gas,,,1998,Unknown,ELIA Belgian Grid Operator,http://publications.elia.be/upload/ProductionParkOverview.html?TS=20120416193815,GEODB,,,,929.103,,2326.56777
BEL,Belgium,RINGVAART STEG,WRI1002264,357,51.1049,3.7257,Gas,,,1998,Unknown,Unknown,http://publications.elia.be/upload/ProductionParkOverview.html?TS=20120416193815,GEODB,,,,1591.791,,1786.20364
BEL,Belgium,RODENHUIZE 4,WRI1002265,268,51.1341,3.777,Biomass,,,,Unknown,Unknown,http://publications.elia.be/upload/ProductionParkOverview.html?TS=20120416193815,WRI,,,,1564.944,,2648.99174
BEL,Belgium,SAINT-GHISLAIN STEG,WRI1002267,350,50.4719,3.8248,Gas,,,2000,Unknown,Unknown,http://publications.elia.be/upload/ProductionParkOverview.html?TS=20120416193815,GEODB,,,,1328.093,,1751.18004
BEL,Belgium,T-power Beringen,WRI1002271,422,51.0586,5.1056,Gas,,,2011,Unknown,ELIA Belgian Grid Operator,http://publications.elia.be/upload/ProductionParkOverview.html?TS=20120416193815,WRI,,,,2203.896,,2111.42279
BEL,Belgium,TIHANGE 1N,WRI1002275,962,50.5342,5.2751,Nuclear,,,1975,Unknown,ELIA Belgian Grid Operator,http://publications.elia.be/upload/ProductionParkOverview.html?TS=20120416193815,GEODB,,,,6151.42,,5471.37703
BEL,Belgium,TIHANGE 3,WRI1002277,2053.8,50.5342,5.2751,Nuclear,,,1985,Unknown,ELIA Belgian Grid Operator,http://publications.elia.be/upload/ProductionParkOverview.html?TS=20120416193815,GEODB,,,,6995.774,,11680.99183
BEL,Belgium,Thorntonbank - C-Power - Area NE,WRI1002273,147.6,51.556,2.9689,Wind,,,,Unknown,ELIA Belgian Grid Operator,http://publications.elia.be/upload/ProductionParkOverview.html?TS=20120416193815,WRI,,,,501.454,,778.04913
BEL,Belgium,Thorntonbank - C-Power - Area SW,WRI1002274,177.6,51.54,2.921,Wind,,,2013,Unknown,4C Offshore,http://publications.elia.be/upload/ProductionParkOverview.html?TS=20120416193815,WRI,,,,582.805,,936.18919
BEL,Belgium,Zelzate 2 Knippegroen,WRI1002288,315,51.1587,3.8068,Gas,,,2010,Unknown,ELIA Belgian Grid Operator,http://publications.elia.be/upload/ProductionParkOverview.html?TS=20120416193815,GEODB,,,,2084.472,,1576.06204
DNK,Denmark,Amagervaerket,WRI1022036,330,55.6859,12.6264,Coal,,,,Hofor,ENTSOE,https://transparency.entsoe.eu/generation/r2/installedCapacityPerProductionUnit/show,WRI,,,,851.25,,718.993
DNK,Denmark,Anholt,WRI1022033,399.6,56.603,11.209,Wind,,,2013,50 Dong Energy,ENTSOE,https://transparency.entsoe.eu/generation/r2/installedCapacityPerProductionUnit/show,GEODB,,,,1630.888,,3711.646
DNK,Denmark,Asnaesvaerket,WRI1022027,787,55.6599,11.0843,Coal,,,,Dong Energy,ENTSOE,https://transparency.entsoe.eu/generation/r2/installedCapacityPerProductionUnit/show,WRI,,,,473.852,,1714.69
DNK,Denmark,Avedoerevaerket (AvedÃ¸re),WRI1022026,815,55.6035,12.4812,Coal,,,,Dong Energy,ENTSOE,https://transparency.entsoe.eu/generation/r2/installedCapacityPerProductionUnit/show,WRI,,,,2113.846,,1775.696
DNK,Denmark,Roedsand 2,WRI1022039,207,54.5228,11.5447,Wind,,,2010,Unknown,ENTSOE,https://transparency.entsoe.eu/generation/r2/installedCapacityPerProductionUnit/show,GEODB,,,,849.671,,1922.699
DNK,Denmark,Skaerbaekvaerket,WRI1022034,392,55.513,9.6128,Gas,,,1997,Unknown,ENTSOE,https://transparency.entsoe.eu/generation/r2/installedCapacityPerProductionUnit/show,WRI,,,,601.834,,1438.935
DNK,Denmark,Studstrupvaerket,WRI1022028,730,56.2521,10.3423,Coal,Biomass,,,Dong Energy,ENTSOE,https://transparency.entsoe.eu/generation/r2/installedCapacityPerProductionUnit/show,WRI,,,,1504.4,,1590.5
HUN,Hungary,Alpiq Csepel Erőmű,WRI1020251,401,47.428,19.0525,Gas,,,,Unknown,ENTSOE,https://transparency.entsoe.eu/generation/r2/installedCapacityPerProductionUnit/show,GEODB,,,,1912.482,,573.284
HUN,Hungary,Dunamenti Erőmű,WRI1020249,840.7,47.3283,18.9169,Gas,,,,Unknown,ENTSOE,https://transparency.entsoe.eu/generation/r2/installedCapacityPerProductionUnit/show,GEODB,,,,2342.443,,1201.894
HUN,Hungary,Gönyűi Erőmű,WRI1020250,426.6,47.7384,17.8033,Gas,,,,Unknown,ENTSOE,https://transparency.entsoe.eu/generation/r2/installedCapacityPerProductionUnit/show,GEODB,,,,3850.476,,609.882
HUN,Hungary,Kelenföldi Erőmű,WRI1020253,173,47.4624,19.0563,Gas,,,,Unknown,ENTSOE,https://transparency.entsoe.eu/generation/r2/installedCapacityPerProductionUnit/show,GEODB,,,,820.506,,247.327
HUN,Hungary,Kispesti Erőmű,WRI1020259,109.2,47.4568,19.1673,Gas,,,,Unknown,ENTSOE,https://transparency.entsoe.eu/generation/r2/installedCapacityPerProductionUnit/show,GEODB,,,,1378.533,,156.116
HUN,Hungary,Lőrinci Gázturbinás Erőmű,WRI1020254,170,47.7164,19.6778,Oil,,,,Unknown,ENTSOE,https://transparency.entsoe.eu/generation/r2/installedCapacityPerProductionUnit/show,GEODB,,,,13.042,,73
HUN,Hungary,Mátrai Erőmű,WRI1020248,851.6,47.7886,20.066,Coal,,,,Unknown,ENTSOE,https://transparency.entsoe.eu/generation/r2/installedCapacityPerProductionUnit/show,WRI,,,,16557.264,,4858.793
HUN,Hungary,Paksi Atomerőmű,WRI1020246,1886.8,46.5739,18.8536,Nuclear,,,,Unknown,ENTSOE,https://transparency.entsoe.eu/generation/r2/installedCapacityPerProductionUnit/show,WRI,,,,59546.865,,15649
IND,India,BOKARO A ''EXP'',IND0000063,500,23.6783,86.0888,Coal,Oil,,2016,Unknown,Central Electricity Authority,http://www.cea.nic.in/,WRI,2016,,,0.2805,,6528.451
IND,India,BONGAIGAON TPP,IND0000066,250,26.5145,90.5287,Coal,Oil,,2015,Unknown,Central Electricity Authority,http://www.cea.nic.in/,WRI,2016,,,106.5792,,3264.226
IND,India,GOINDWAL SAHIB TPP,IND0000136,540,31.3841,75.1464,Coal,Oil,,2016,Unknown,Central Electricity Authority,http://www.cea.nic.in/,WRI,2016,,,117.654,,7050.728
IND,India,GREL CCPP (RAJAMUNDRY),IND0000137,768,16.9248,81.8111,Gas,,,2015,Unknown,Central Electricity Authority,http://www.cea.nic.in/,WRI,2016,,,566.89,,12477.468
IND,India,LALITPUR TPP,IND0000230,1980,24.7971,78.6463,Coal,Oil,,2015,Unknown,Central Electricity Authority,http://www.cea.nic.in/,WRI,2016,,,495.63,,25852.668
IND,India,NABI NAGAR TPP,IND0000287,250,24.7754,84.1588,Coal,Oil,,2016,Unknown,Central Electricity Authority,http://www.cea.nic.in/,WRI,2016,,,0.1183,,3264.226
IND,India,UCHPINDA TPP,IND0000471,720,21.8858,83.1215,Coal,Oil,,2015,Unknown,Central Electricity Authority,http://www.cea.nic.in/,WRI,2016,,,54.64,,9400.97
IND,India,VIZAG TPP,IND0000506,1040,17.5635,83.1382,Coal,Oil,,2015,Unknown,Central Electricity Authority,http://www.cea.nic.in/,WRI,2016,,,434.64,,13579.179
IRN,Iran,Bushehr,WRI1023916,1000,28.8298,50.8857,Nuclear,,,2011,Nuclear Power Production and Development Company of Iran,IAEA,https://www.iaea.org/PRIS/CountryStatistics/ReactorDetails.aspx?current=310,WRI,,,,3198.24,,4472
ITA,Italy,ALTOMONTE,WRI1002845,808,39.7118,16.215,Gas,,,2006,Edison,Edison,http://www.edison.it/en/altomonte-cs-thermoelectric-power-plant,GEODB,,,,2710.1,,1961.561
ITA,Italy,ANAPO C.LE,WRI1002846,500,37.1183,15.1394,Hydro,,,,Unknown,TERNA,http://www.terna.it/en-gb/sistemaelettrico/transparencyreport/generation/installedgenerationcapacity.aspx,GEODB,,,,430,,2251.016
ITA,Italy,API ENERGIA IGCC,WRI1002847,280,37.2814,13.521,Gas,,,2001,Edipower,IGCC,http://www.ogj.com/articles/print/volume-94/issue-50/in-this-issue/general-interest/italian-igcc-project-sets-pace-for-new-refining-era.html,WRI,,,,11,,679.749
ITA,Italy,AVISE,WRI1002850,126.5,45.7089,7.1399,Hydro,,,,Unknown,TERNA,http://www.terna.it/en-gb/sistemaelettrico/transparencyreport/generation/installedgenerationcapacity.aspx,CARMA,,,,288,,570
ITA,Italy,AZOTATI,WRI1002851,240,45.4511,12.2239,Gas,,,1993,Edison,Edison IT,https://www.edison.it/en/marghera-azotati-thermoelectric-power-plant,CARMA,,,,112,,583
ITA,Italy,BARGI CENTRALE,WRI1002852,281,44.1705,11.0888,Hydro,,,,Unknown,TERNA,http://www.terna.it/en-gb/sistemaelettrico/transparencyreport/generation/installedgenerationcapacity.aspx,CARMA,,,,72,,1265
ITA,Italy,BRINDISI SUD CE,WRI1002855,2420,40.5632,18.0318,Coal,,,,ENEL,Association of Carbon Italy,http://www.assocarboni.it/index.php/en/the-coal/coal-plants-in-italy,GEODB,,,,13251,,13269
ITA,Italy,BUSSI,WRI1002857,125,42.2002,13.8398,Gas,,,1994,Edison,Edison,http://www.edison.it/en/bussi-thermoelectric-power-plant,GEODB,,,,72,,303.459
ITA,Italy,CANDELA,WRI1002858,400,41.2014,15.4762,Gas,,,,Edison,Edison,http://www.skemaq.it/uploads/case-studies/7cae243ca90d11d3755216b3b90bacdc.pdf,GEODB,,,,2397.6,,971.07
ITA,Italy,CAPRIATI,WRI1002859,113,41.4686,14.1454,Hydro,,,,Unknown,TERNA,http://www.terna.it/en-gb/sistemaelettrico/transparencyreport/generation/installedgenerationcapacity.aspx,CARMA,,,,48,,508.73
ITA,Italy,CARDANO,WRI1002860,121,46.4927,11.3336,Hydro,,,,Unknown,TERNA,http://www.terna.it/en-gb/sistemaelettrico/transparencyreport/generation/installedgenerationcapacity.aspx,CARMA,,,,645,,544.746
ITA,Italy,CCGT APRILIA,WRI1002862,787,41.5616,12.6337,Gas,,,,Unknown,TERNA,http://www.terna.it/en-gb/sistemaelettrico/transparencyreport/generation/installedgenerationcapacity.aspx,GEODB,,,,790.96,,1910.58
ITA,Italy,CEDEGOLO,WRI1002863,130,46.0767,10.3496,Hydro,,,,Unknown,TERNA,http://www.terna.it/en-gb/sistemaelettrico/transparencyreport/generation/installedgenerationcapacity.aspx,CARMA,,,,282.4,,585.264
ITA,Italy,CELANO,WRI1002864,180,42.0458,13.5475,Gas,,,1998,Grupo Industriale Maccaferri,Termica Celano,http://www.termicacelano.it/index.php/attivita,CARMA,,,,26,,436.981
ITA,Italy,CENTRALE DI TEVEROLA,WRI1002866,400,41.0092,14.2281,Gas,,,2007,Unknown,Repower,https://web.archive.org/web/20110703082905/http://www.repower.com/en/it/production/power-plants/combined-cycle-gas-power-plant-in-teverola/,GEODB,,,,2500,,971.07
ITA,Italy,CENTRALE DI TURANO LODIGIANO - BERTONICO (LO),WRI1002867,800,45.2268,9.6377,Gas,,,2011,Ansalado Energia,Ansaldo Energia,http://www.ansaldoenergia.it/easyUp/file/anno2012_numero2(1).pdf,GEODB,,,,1337.5,,1942.14
MMR,Myanmar,Ahlone,WRI1061349,154.2,16.78,96.131,Gas,,,,Myanmar Electric Power Enterprise (MEPE),Open Development Myanmar,https://opendevelopmentmyanmar.net/dataset/?id=myanmar-power-stations&search_query=P3R5cGU9ZGF0YXNldCZ0YXhvbm9teT1hbGwmc29ydGluZz1zY29yZSZxdWVyeT1wb3dlcg==,WRI,,,,990,,733.072
MMR,Myanmar,Baluchaung BHP (1),WRI1061350,28,19.57,97.316,Hydro,,,1992,Myanmar Electric Power Enterprise (MEPE),Open Development Myanmar,https://opendevelopmentmyanmar.net/dataset/?id=myanmar-power-stations&search_query=P3R5cGU9ZGF0YXNldCZ0YXhvbm9teT1hbGwmc29ydGluZz1zY29yZSZxdWVyeT1wb3dlcg==,WRI,,,,200,,90.713
MMR,Myanmar,Baluchaung BHP (2),WRI1061351,168,19.56,97.359,Hydro,,,1974,Myanmar Electric Power Enterprise (MEPE),Open Development Myanmar,https://opendevelopmentmyanmar.net/dataset/?id=myanmar-power-stations&search_query=P3R5cGU9ZGF0YXNldCZ0YXhvbm9teT1hbGwmc29ydGluZz1zY29yZSZxdWVyeT1wb3dlcg==,WRI,,,,1190,,544.28
MMR,Myanmar,Hlawga,WRI1061352,154.2,16.98,96.125,Gas,,,,Unknown,Open Development Myanmar,https://opendevelopmentmyanmar.net/dataset/?id=myanmar-power-stations&search_query=P3R5cGU9ZGF0YXNldCZ0YXhvbm9teT1hbGwmc29ydGluZz1zY29yZSZxdWVyeT1wb3dlcg==,WRI,,,,990,,733.072
MMR,Myanmar,KengTawn,WRI1061353,54,20.91,97.975,Hydro,,,2008,Unknown,Open Development Myanmar,https://opendevelopmentmyanmar.net/dataset/?id=myanmar-power-stations&search_query=P3R5cGU9ZGF0YXNldCZ0YXhvbm9teT1hbGwmc29ydGluZz1zY29yZSZxdWVyeT1wb3dlcg==,WRI,,,,378,,174.947
MMR,Myanmar,Khabaung,WRI1061354,30,19.16,96.717,Hydro,,,2008,Unknown,Open Development Myanmar,https://opendevelopmentmyanmar.net/dataset/?id=myanmar-power-stations&search_query=P3R5cGU9ZGF0YXNldCZ0YXhvbm9teT1hbGwmc29ydGluZz1zY29yZSZxdWVyeT1wb3dlcg==,WRI,,,,120,,97.193
MMR,Myanmar,Kinda,WRI1061355,56,21.81,95.589,Hydro,,,1985,Unknown,Open Development Myanmar,https://opendevelopmentmyanmar.net/dataset/?id=myanmar-power-stations&search_query=P3R5cGU9ZGF0YXNldCZ0YXhvbm9teT1hbGwmc29ydGluZz1zY29yZSZxdWVyeT1wb3dlcg==,WRI,,,,165,,181.427
MMR,Myanmar,Kun,WRI1061356,60,18.42,96.364,Hydro,,,2011,Unknown,Open Development Myanmar,https://opendevelopmentmyanmar.net/dataset/?id=myanmar-power-stations&search_query=P3R5cGU9ZGF0YXNldCZ0YXhvbm9teT1hbGwmc29ydGluZz1zY29yZSZxdWVyeT1wb3dlcg==,WRI,,,,190,,194.386
MMR,Myanmar,Kyee ON Kyee Wa,WRI1061357,74,18.9,96.221,Hydro,,,2012,Unknown,Open Development Myanmar,https://opendevelopmentmyanmar.net/dataset/?id=myanmar-power-stations&search_query=P3R5cGU9ZGF0YXNldCZ0YXhvbm9teT1hbGwmc29ydGluZz1zY29yZSZxdWVyeT1wb3dlcg==,WRI,,,,370,,239.742
MMR,Myanmar,Kyunchaung,WRI1061358,54.3,21.03,94.418,Gas,,,1974,Unknown,Open Development Myanmar,https://opendevelopmentmyanmar.net/dataset/?id=myanmar-power-stations&search_query=P3R5cGU9ZGF0YXNldCZ0YXhvbm9teT1hbGwmc29ydGluZz1zY29yZSZxdWVyeT1wb3dlcg==,WRI,,,,300,,258.144
MMR,Myanmar,Mawlamyaing,WRI1061360,12,16.47,97.654,Gas,,,1980,Unknown,Open Development Myanmar,https://opendevelopmentmyanmar.net/dataset/?id=myanmar-power-stations&search_query=P3R5cGU9ZGF0YXNldCZ0YXhvbm9teT1hbGwmc29ydGluZz1zY29yZSZxdWVyeT1wb3dlcg==,WRI,,,,60,,57.048
MMR,Myanmar,Mone,WRI1061361,75,20.48,94.255,Hydro,,,2004,Unknown,Open Development Myanmar,https://opendevelopmentmyanmar.net/dataset/?id=myanmar-power-stations&search_query=P3R5cGU9ZGF0YXNldCZ0YXhvbm9teT1hbGwmc29ydGluZz1zY29yZSZxdWVyeT1wb3dlcg==,WRI,,,,330,,242.982
MMR,Myanmar,Myanaung,WRI1061362,34.7,18.31,95.297,Gas,,,,Unknown,Open Development Myanmar,https://opendevelopmentmyanmar.net/dataset/?id=myanmar-power-stations&search_query=P3R5cGU9ZGF0YXNldCZ0YXhvbm9teT1hbGwmc29ydGluZz1zY29yZSZxdWVyeT1wb3dlcg==,WRI,,,,200,,164.965
MMR,Myanmar,Paunglaung,WRI1061363,280,19.78,96.333,Hydro,,,2005,Unknown,Open Development Myanmar,https://opendevelopmentmyanmar.net/dataset/?id=myanmar-power-stations&search_query=P3R5cGU9ZGF0YXNldCZ0YXhvbm9teT1hbGwmc29ydGluZz1zY29yZSZxdWVyeT1wb3dlcg==,WRI,,,,911,,907.133
MMR,Myanmar,Sedawgyi,WRI1061364,25,22.35,96.323,Hydro,,,1989,Unknown,Open Development Myanmar,https://opendevelopmentmyanmar.net/dataset/?id=myanmar-power-stations&search_query=P3R5cGU9ZGF0YXNldCZ0YXhvbm9teT1hbGwmc29ydGluZz1zY29yZSZxdWVyeT1wb3dlcg==,WRI,,,,134,,80.994
MMR,Myanmar,Shwedaung,WRI1061365,55.35,18.73,95.229,Gas,,,1984,Unknown,Open Development Myanmar,https://opendevelopmentmyanmar.net/dataset/?id=myanmar-power-stations&search_query=P3R5cGU9ZGF0YXNldCZ0YXhvbm9teT1hbGwmc29ydGluZz1zY29yZSZxdWVyeT1wb3dlcg==,WRI,,,,300,,263.136
MMR,Myanmar,Shwegyin,WRI1061366,75.2,19.68,96.291,Hydro,,,2011,Unknown,Open Development Myanmar,https://opendevelopmentmyanmar.net/dataset/?id=myanmar-power-stations&search_query=P3R5cGU9ZGF0YXNldCZ0YXhvbm9teT1hbGwmc29ydGluZz1zY29yZSZxdWVyeT1wb3dlcg==,WRI,,,,262,,243.63
MMR,Myanmar,Shweli (1),WRI1061367,600,23.7,97.507,Hydro,,,2008,Unknown,Open Development Myanmar,https://opendevelopmentmyanmar.net/dataset/?id=myanmar-power-stations&search_query=P3R5cGU9ZGF0YXNldCZ0YXhvbm9teT1hbGwmc29ydGluZz1zY29yZSZxdWVyeT1wb3dlcg==,WRI,,,,4022,,1943.857
MMR,Myanmar,Tarpein-1,WRI1061368,240,24.42,97.525,Hydro,,,2011,Unknown,Open Development Myanmar,https://opendevelopmentmyanmar.net/dataset/?id=myanmar-power-stations&search_query=P3R5cGU9ZGF0YXNldCZ0YXhvbm9teT1hbGwmc29ydGluZz1zY29yZSZxdWVyeT1wb3dlcg==,WRI,,,,1065,,777.543
MMR,Myanmar,Thakayta,WRI1061369,92,16.81,96.226,Gas,,,1990,Unknown,Open Development Myanmar,https://opendevelopmentmyanmar.net/dataset/?id=myanmar-power-stations&search_query=P3R5cGU9ZGF0YXNldCZ0YXhvbm9teT1hbGwmc29ydGluZz1zY29yZSZxdWVyeT1wb3dlcg==,WRI,,,,568,,437.371
MMR,Myanmar,Thaphanseik,WRI1061370,30,23.31,95.358,Hydro,,,2002,Unknown,Open Development Myanmar,https://opendevelopmentmyanmar.net/dataset/?id=myanmar-power-stations&search_query=P3R5cGU9ZGF0YXNldCZ0YXhvbm9teT1hbGwmc29ydGluZz1zY29yZSZxdWVyeT1wb3dlcg==,WRI,,,,117,,97.193
MMR,Myanmar,Thaton,WRI1061371,50.95,16.96,97.408,Gas,,,,Unknown,Open Development Myanmar,https://opendevelopmentmyanmar.net/dataset/?id=myanmar-power-stations&search_query=P3R5cGU9ZGF0YXNldCZ0YXhvbm9teT1hbGwmc29ydGluZz1zY29yZSZxdWVyeT1wb3dlcg==,WRI,,,,300,,242.218
MMR,Myanmar,Tigyit,WRI1061372,120,20.43,96.702,Coal,,,2005,Unknown,Open Development Myanmar,https://opendevelopmentmyanmar.net/dataset/?id=myanmar-power-stations&search_query=P3R5cGU9ZGF0YXNldCZ0YXhvbm9teT1hbGwmc29ydGluZz1zY29yZSZxdWVyeT1wb3dlcg==,WRI,,,,600,,208
MMR,Myanmar,Yeywa,WRI1061374,790,21.67,96.473,Hydro,,,2010,Unknown,Open Development Myanmar,https://opendevelopmentmyanmar.net/dataset/?id=myanmar-power-stations&search_query=P3R5cGU9ZGF0YXNldCZ0YXhvbm9teT1hbGwmc29ydGluZz1zY29yZSZxdWVyeT1wb3dlcg==,WRI,,,,3550,,2559.412
MMR,Myanmar,Ye‰Ûªnew,WRI1061373,25,19.07,95.442,Hydro,,,2007,Unknown,Open Development Myanmar,https://opendevelopmentmyanmar.net/dataset/?id=myanmar-power-stations&search_query=P3R5cGU9ZGF0YXNldCZ0YXhvbm9teT1hbGwmc29ydGluZz1zY29yZSZxdWVyeT1wb3dlcg==,WRI,,,,123,,80.994
MMR,Myanmar,Ywama,WRI1061375,70.3,16.9,96.089,Gas,,,,Unknown,Open Development Myanmar,https://opendevelopmentmyanmar.net/dataset/?id=myanmar-power-stations&search_query=P3R5cGU9ZGF0YXNldCZ0YXhvbm9teT1hbGwmc29ydGluZz1zY29yZSZxdWVyeT1wb3dlcg==,WRI,,,,238,,334.209
MMR,Myanmar,Zaungtu,WRI1061376,20,18.42,96.387,Hydro,,,2000,Unknown,Open Development Myanmar,https://opendevelopmentmyanmar.net/dataset/?id=myanmar-power-stations&search_query=P3R5cGU9ZGF0YXNldCZ0YXhvbm9teT1hbGwmc29ydGluZz1zY29yZSZxdWVyeT1wb3dlcg==,WRI,,,,76,,64.795
MMR,Myanmar,Zawgyi (1),WRI1061377,18,21.57,96.873,Hydro,,,1995,Unknown,Open Development Myanmar,https://opendevelopmentmyanmar.net/dataset/?id=myanmar-power-stations&search_query=P3R5cGU9ZGF0YXNldCZ0YXhvbm9teT1hbGwmc29ydGluZz1zY29yZSZxdWVyeT1wb3dlcg==,WRI,,,,35,,58.316
MMR,Myanmar,Zawgyi (2),WRI1061378,12,21.4,86.897,Hydro,,,1998,Unknown,Open Development Myanmar,https://opendevelopmentmyanmar.net/dataset/?id=myanmar-power-stations&search_query=P3R5cGU9ZGF0YXNldCZ0YXhvbm9teT1hbGwmc29ydGluZz1zY29yZSZxdWVyeT1wb3dlcg==,WRI,,,,30,,38.877
NLD,New Zealand,Borssele Nuclear Power Station,WRI1019300,485,51.4312,3.7174,Nuclear,,,1973,EPZ,IAEA,https://www.iaea.org/PRIS/CountryStatistics/CountryDetails.aspx?current=NL,WRI,,,,3674.868,,4091
NLD,Netherlands,Diemen 33,WRI1019310,684,52.3389,5.0213,Gas,,,1995,Vattenfall,Vattenfall,http://powerplants.vattenfall.com/diemen,GEODB,,,,2276.51,,3784.477
NLD,Netherlands,Eems,WRI1019288,2465,53.4441,6.856,Gas,,,1996,Electrabel,GDF Suez,https://www.google.com/url?sa=t&rct=j&q=&esrc=s&source=web&cd=3&ved=0ahUKEwilnu-T0aXOAhUBjz4KHT5VCjYQFggsMAI&url=http%3A%2F%2Fwww.engie.com%2Fwp-content%2Fuploads%2F2012%2F08%2FGDF_SUEZ_power_asset_table_vdef.xls&usg=AFQjCNHSG0cjbY0ZCS761mkpSWj0Z6E2zA&sig2=v45V3Rq0dF8CVwsH9bx9OQ&cad=rja,GEODB,,,,1553.66,,13638.502
NLD,Netherlands,Eemshaven,WRI1019289,1560,53.4441,6.856,Coal,,,2014,Essent,RWE,http://www.rwe.com/web/cms/en/1772148/rwe-generation-se/locations/netherlands/eemshaven-power-plant/,GEODB,,,,7293.94,,10300.448
NLD,Netherlands,GELDERLAND,WRI1019307,590,51.8561,5.8294,Coal,,,,GDF Suez,GDF Suez,https://www.google.com/url?sa=t&rct=j&q=&esrc=s&source=web&cd=3&ved=0ahUKEwilnu-T0aXOAhUBjz4KHT5VCjYQFggsMAI&url=http%3A%2F%2Fwww.engie.com%2Fwp-content%2Fuploads%2F2012%2F08%2FGDF_SUEZ_power_asset_table_vdef.xls&usg=AFQjCNHSG0cjbY0ZCS761mkpSWj0Z6E2zA&sig2=v45V3Rq0dF8CVwsH9bx9OQ&cad=rja,GEODB,,,,2886.239,,3895.682
NLD,Netherlands,Hemweg 8,WRI1019298,650,52.4049,4.8465,Coal,,,1994,NUON,Vattenfall,http://powerplants.vattenfall.com/hemweg-8,GEODB,,,,5718.006,,4291.853
PER,Peru,AguaytÍa,WRI1022062,203,-9.0288,-75.4926,Gas,,,,Termoselva SRL,Peru Ministry of Energy and Mines,http://www.minem.gob.pe/minem/archivos/Capitulo%203%20Generacion%20electrica%202015%20FINAL.pdf,WRI,,,,441,,995.092
PER,Peru,Antunez de Mayolo (Mantaro),WRI1022054,798,-12.4644,-74.7865,Hydro,,,1978,Electroper S A,Peru Ministry of Energy and Mines,http://www.minem.gob.pe/minem/archivos/Capitulo%203%20Generacion%20electrica%202015%20FINAL.pdf,WRI,,,,5441,,6476.129
PER,Peru,CaÑon del Pato,WRI1022071,247,-8.813,-77.8526,Hydro,,,1958,Duke Energy Egenor S en C por A,Peru Ministry of Energy and Mines,http://www.minem.gob.pe/minem/archivos/Capitulo%203%20Generacion%20electrica%202015%20FINAL.pdf,WRI,,,,1580,,2004.516
PER,Peru,Charcani V,WRI1022074,145,-16.2457,-71.3472,Hydro,,,1989,Emp de Generacin Elctrica de Arequipa S A,Peru Ministry of Energy and Mines,http://www.minem.gob.pe/minem/archivos/Capitulo%203%20Generacion%20electrica%202015%20FINAL.pdf,WRI,,,,538,,1176.74
PER,Peru,Talara,WRI1022109,30,-4.5655,-81.2028,Wind,,,,Energa Elica SA,Peru Ministry of Energy and Mines,http://www.minem.gob.pe/minem/archivos/Capitulo%203%20Generacion%20electrica%202015%20FINAL.pdf,CDM,,,,145,,99.677
PER,Peru,Ventanilla,WRI1022057,524,-11.9358,-77.118,Gas,,,,Edegel SAA,Peru Ministry of Energy and Mines,http://www.minem.gob.pe/minem/archivos/Capitulo%203%20Generacion%20electrica%202015%20FINAL.pdf,GEODB,,,,2890,,2568.611
PER,Peru,YuncÁn,WRI1022061,130,-10.723,-75.6455,Hydro,,,,Energa del Sur SA,Peru Ministry of Energy and Mines,http://www.minem.gob.pe/minem/archivos/Capitulo%203%20Generacion%20electrica%202015%20FINAL.pdf,WRI,,,,901,,1055.008
POL,Poland,Bełchatów,WRI1023817,5400,51.2679,19.3265,Coal,,,,PGE,ENTSOE,https://transparency.entsoe.eu/generation/r2/installedCapacityPerProductionUnit/show,WRI,,,,32157,,25090.965
POL,Poland,Dolna Odra,WRI1019037,1362,53.2065,14.4669,Coal,,,,PGE,ENTSOE,https://transparency.entsoe.eu/generation/r2/installedCapacityPerProductionUnit/show,WRI,,,,4921,,6328.499
POL,Poland,EC Siekierki,WRI1019046,620,52.1898,Unknown,Coal,,,,Unknown,ENTSOE,https://transparency.entsoe.eu/generation/r2/installedCapacityPerProductionUnit/show,WRI,,,,1843.555,,2880.814
POL,Poland,EC Wrotków,WRI1019058,231,51.215,22.5535,Gas,,,,Unknown,ENTSOE,https://transparency.entsoe.eu/generation/r2/installedCapacityPerProductionUnit/show,WRI,,,,1341.61,,948.203
POL,Poland,EC Włocławek,WRI1019049,491,52.7074,18.9589,Gas,,,,Unknown,ENTSOE,https://transparency.entsoe.eu/generation/r2/installedCapacityPerProductionUnit/show,WRI,,,,2206.758,,2015.445
POL,Poland,Włocławek,WRI1019072,156,52.6564,19.1339,Hydro,,,,Unknown,ENTSOE,https://transparency.entsoe.eu/generation/r2/installedCapacityPerProductionUnit/show,GEODB,,,,169.744,,241.372
POL,Poland,Łagisza,WRI1019042,820,50.3496,19.1417,Coal,,,,Unknown,ENTSOE,https://transparency.entsoe.eu/generation/r2/installedCapacityPerProductionUnit/show,WRI,,,,3224.719,,3810.109
POL,Poland,Łaziska 2,WRI1019057,250,50.1336,18.8459,Unknown,,,,Unknown,ENTSOE,https://transparency.entsoe.eu/generation/r2/installedCapacityPerProductionUnit/show,WRI,,,,970.46,,1161.619
POL,Poland,Łaziska 3,WRI1019041,905,50.1334,18.8466,Coal,,,,Unknown,ENTSOE,https://transparency.entsoe.eu/generation/r2/installedCapacityPerProductionUnit/show,WRI,,,,3044.323,,4205.06
POL,Poland,Żarnowiec,WRI1019043,716,54.7224,18.0825,Hydro,,,,Unknown,ENTSOE,https://transparency.entsoe.eu/generation/r2/installedCapacityPerProductionUnit/show,WRI,,,,341.332,,1107.835
RUS,Russia,Bratsk HPP,WRI1003674,4500,56.2871,101.7852,Hydro,,,,Irkutskenergo,Irkutskenergo,http://en.irkutskenergo.ru/qa/divisions.html,WRI,,,,22300,,18813.432
SRB,Serbia,HE BAJINA BASTA,WRI1020282,420,43.9645,19.4102,Hydro,,,,Unknown,ENTSOE,https://transparency.entsoe.eu/generation/r2/installedCapacityPerProductionUnit/show,GEODB,,,,4.57,,2041.481
SRB,Serbia,HE DJERDAP I,WRI1020277,1086,44.6684,22.5268,Hydro,,,,Unknown,ENTSOE,https://transparency.entsoe.eu/generation/r2/installedCapacityPerProductionUnit/show,GEODB,,,,12.72,,5278.687
SRB,Serbia,RHE BAJINA BASTA,WRI1020281,614,43.9645,19.4102,Hydro,,,,Unknown,ENTSOE,https://transparency.entsoe.eu/generation/r2/installedCapacityPerProductionUnit/show,GEODB,,,,1.39,,2984.451
SRB,Serbia,TE KOSTOLAC A,WRI1020283,281,44.7229,21.1717,Coal,,,,Unknown,ENTSOE,https://transparency.entsoe.eu/generation/r2/installedCapacityPerProductionUnit/show,GEODB,,,,4.58,,1118.651
SRB,Serbia,TE KOSTOLAC B,WRI1020278,697,44.7307,21.2104,Coal,,,,Unknown,ENTSOE,https://transparency.entsoe.eu/generation/r2/installedCapacityPerProductionUnit/show,GEODB,,,,14.9,,2774.731
SRB,Serbia,TE MORAVA,WRI1020288,110,44.2248,21.1627,Coal,,,,Unknown,ENTSOE,https://transparency.entsoe.eu/generation/r2/installedCapacityPerProductionUnit/show,GEODB,,,,0.98,,437.906
SRB,Serbia,TENT A,WRI1020275,1730,44.6711,20.1593,Coal,,,,Unknown,ENTSOE,https://transparency.entsoe.eu/generation/r2/installedCapacityPerProductionUnit/show,WRI,,,,36.54,,6887.065
SRB,Serbia,TENT B,WRI1020276,1270,44.6551,20.0053,Coal,,,,Unknown,ENTSOE,https://transparency.entsoe.eu/generation/r2/installedCapacityPerProductionUnit/show,WRI,,,,27.36,,5055.823
UKR,Ukraine,Krivorozhskaya,WRI1005100,2334,47.5432,33.6583,Coal,,,,DTEK,DTEK,http://www.dtek.com/library/file/dtek-report-eng-2015-web.PDF,GEODB,,,,6994,,6323.852
UKR,Ukraine,Kurakhovskaya,WRI1005104,1517,47.9944,37.2402,Coal,,,,DTEK,DTEK,http://www.dtek.com/library/file/dtek-report-eng-2015-web.PDF,GEODB,,,,5966,,4110.233
UKR,Ukraine,Ladyzhinska,WRI1005098,1800,48.706,29.2202,Coal,,,,DTEK,DTEK,http://www.dtek.com/library/file/dtek-report-eng-2015-web.PDF,GEODB,,,,5345,,4877.006
UKR,Ukraine,Luhanska,WRI1005110,1210,48.7478,39.2624,Coal,,,,DTEK,DTEK,http://www.dtek.com/library/file/dtek-report-eng-2015-web.PDF,GEODB,,,,4825,,3278.432
UKR,Ukraine,Prydniprovska,WRI1005102,1195,48.4052,35.1135,Coal,,,,DTEK,DTEK,http://www.dtek.com/library/file/dtek-report-eng-2015-web.PDF,WRI,,,,3986,,3237.79
UKR,Ukraine,Zaporiska,WRI1005101,2825,47.5089,34.6253,Coal,,,,DTEK,DTEK,http://www.dtek.com/library/file/dtek-report-eng-2015-web.PDF,GEODB,,,,5552,,7654.191
UKR,Ukraine,Zuivska,WRI1005106,1245,48.0332,38.2887,Coal,,,,DTEK,DTEK,http://www.dtek.com/library/file/dtek-report-eng-2015-web.PDF,WRI,,,,4338,,3373.263
IND,India,SEIONI TPP,IND0000397,600,22.7355,79.9123,Coal,Oil,,2016,Unknown,Central Electricity Authority,http://www.cea.nic.in/,WRI,2016,,,3.7026,,7834.141681
IND,India,TEESTA LOW DAM -IV,IND0000449,80,26.9279,88.4562,Hydro,,,2016,Unknown,Central Electricity Authority,http://www.cea.nic.in/,WRI,2016,,,18.67615,,126.8720649
IND,India,UNO SUGEN,IND0000480,382.5,21.3411,72.9895,Gas,,,1992,Unknown,Central Electricity Authority,http://www.cea.nic.in/,http://www.cea.nic.in/,2016,,,834.058,,6214.364039
ITA,Italy,ENTRACQUE_CHRO,WRI1002882,1064,44.2256,7.3842,Hydro,,,,Unknown,TERNA,http://www.terna.it/en-gb/sistemaelettrico/transparencyreport/generation/installedgenerationcapacity.aspx,http://www.terna.it/en-gb/sistemaelettrico/transparencyreport/generation/installedgenerationcapacity.aspx,,,,508.6,,4790.161519
ITA,Italy,FADALTO,WRI1002883,210,45.9767,12.3033,Hydro,,,,Unknown,TERNA,http://www.terna.it/en-gb/sistemaelettrico/transparencyreport/generation/installedgenerationcapacity.aspx,http://www.terna.it/en-gb/sistemaelettrico/transparencyreport/generation/installedgenerationcapacity.aspx,,,,257,,945.4266156
ITA,Italy,FUSINA T.,WRI1002885,871,45.4314,12.2468,Coal,,,,Unknown,ENEL,https://www.enel.it/it-it/documents/azienda/ambiente/dichiarazioni_ambientali/fusina_da2007_2008.pdf,https://www.enel.it/it-it/documents/azienda/ambiente/dichiarazioni_ambientali/fusina_da2007_2008.pdf,,,,5840.5,,4775.769476
ITA,Italy,Flume Santo,WRI1002884,640,40.8461,8.3068,Coal,,,,EP Produzione,Association of Carbon Italy,https://web.archive.org/web/20140409012424/http://www.eon-italia.com/en/business/generation/power-plants/fiume-santo.html,https://web.archive.org/web/20140409012424/http://www.eon-italia.com/en/business/generation/power-plants/fiume-santo.html,,,,2306,,3509.176193
ITA,Italy,GALLETO,WRI1002886,295,42.5427,12.7208,Hydro,,,1997,Unknown,TERNA,http://www.terna.it/en-gb/sistemaelettrico/transparencyreport/generation/installedgenerationcapacity.aspx,http://www.terna.it/en-gb/sistemaelettrico/transparencyreport/generation/installedgenerationcapacity.aspx,,,,731,,1328.099293
ITA,Italy,GARGNANO,WRI1002888,137.2,45.6891,10.6609,Hydro,,,,Unknown,TERNA,http://www.terna.it/en-gb/sistemaelettrico/transparencyreport/generation/installedgenerationcapacity.aspx,http://www.terna.it/en-gb/sistemaelettrico/transparencyreport/generation/installedgenerationcapacity.aspx,,,,270,,617.6787222
ITA,Italy,GISSI,WRI1002890,840,42.0502,14.5639,Gas,,,1977,A2A,A2A,http://www.a2a.eu/en/plants_networks/thermoelectric/gissi/,http://www.a2a.eu/en/plants_networks/thermoelectric/gissi/,,,,642.3,,2039.24694
ITA,Italy,GROSIO,WRI1002891,655,46.286,10.2653,Hydro,,,,Unknown,TERNA,http://www.terna.it/en-gb/sistemaelettrico/transparencyreport/generation/installedgenerationcapacity.aspx,http://www.terna.it/en-gb/sistemaelettrico/transparencyreport/generation/installedgenerationcapacity.aspx,,,,1381,,2948.830634
ITA,Italy,ISAB ENERGY,WRI1002894,521,37.1399,15.2158,Gas,,,,Unknown,Siemens,http://www.energy.siemens.com/br/en/fossil-power-generation/power-plants/integrated-gasification-combined-cycle/integrated-gasification-combined-cycle.htm#content=References,http://www.energy.siemens.com/br/en/fossil-power-generation/power-plants/integrated-gasification-combined-cycle/integrated-gasification-combined-cycle.htm#content=References,,,,2602,,1264.818638
ITA,Italy,ISOLATO SPLUGA,WRI1002895,117.6,46.4394,9.3595,Hydro,,,,Unknown,TERNA,http://www.terna.it/en-gb/sistemaelettrico/transparencyreport/generation/installedgenerationcapacity.aspx,http://www.terna.it/en-gb/sistemaelettrico/transparencyreport/generation/installedgenerationcapacity.aspx,,,,205,,529.4389047
ITA,Italy,LAMARMORA,WRI1002898,116.7,45.5248,10.2273,Oil,,,2000,Unknown,A2A,http://www.a2a.eu/en/plants_networks/cogeneration/lamarmora.html,http://www.a2a.eu/en/plants_networks/cogeneration/lamarmora.html,,,,409,,187.2101329
ITA,Italy,LANA,WRI1002901,120,46.6124,11.1559,Hydro,,,2002,Unknown,TERNA,http://www.terna.it/en-gb/sistemaelettrico/transparencyreport/generation/installedgenerationcapacity.aspx,http://www.terna.it/en-gb/sistemaelettrico/transparencyreport/generation/installedgenerationcapacity.aspx,,,,167,,540.2437803
ITA,Italy,LANZADA,WRI1002902,188,46.2693,9.8692,Hydro,,,2002,Unknown,TERNA,http://www.terna.it/en-gb/sistemaelettrico/transparencyreport/generation/installedgenerationcapacity.aspx,http://www.terna.it/en-gb/sistemaelettrico/transparencyreport/generation/installedgenerationcapacity.aspx,,,,365,,846.3819225
ITA,Italy,LARINO TG,WRI1002903,250,41.8055,14.9193,Gas,,,2005,ENEL,ENEL,https://www.futur-e.enel.it/cs/Satellite?blobcol=urldata&blobheader=application%2Fpdf&blobheadername1=Content-Disposition&blobheadername2=MDT-Type&blobheadervalue1=inline%3B+filename%3Dlarino-eng.pdf&blobheadervalue2=abinary%3B+charset%3DUTF-8&blobkey=id&blobtable=MungoBlobs&blobwhere=1445864757512&ssbinary=true,https://www.futur-e.enel.it/cs/Satellite?blobcol=urldata&blobheader=application%2Fpdf&blobheadername1=Content-Disposition&blobheadername2=MDT-Type&blobheadervalue1=inline%3B+filename%3Dlarino-eng.pdf&blobheadervalue2=abinary%3B+charset%3DUTF-8&blobkey=id&blobtable=MungoBlobs&blobwhere=1445864757512&ssbinary=true,,,,1,,606.9187322
ITA,Italy,LEINI,WRI1002904,379.5,45.163,7.7505,Gas,,,2002,Unknown,Ansaldo Energia,http://ansaldoenergia.it/easyUp/file/pgs.pdf,http://ansaldoenergia.it/easyUp/file/pgs.pdf,,,,1737,,921.3026356
ITA,Italy,LEVANTE,WRI1002905,752.5,45.4458,12.2552,Gas,,,2002,Unknown,TERNA,http://www.terna.it/en-gb/sistemaelettrico/transparencyreport/generation/installedgenerationcapacity.aspx,http://www.terna.it/en-gb/sistemaelettrico/transparencyreport/generation/installedgenerationcapacity.aspx,,,,2165,,1826.825384
ITA,Italy,LIVORNO MARZOCCO,WRI1002906,310,43.5673,10.31,Oil,,,2005,ENEL,ENEL,https://www.futur-e.enel.it/cs/Satellite?blobcol=urldata&blobheader=application%2Fpdf&blobheadername1=Content-Disposition&blobheadername2=MDT-Type&blobheadervalue1=inline%3B+filename%3Dlivorno-eng.pdf&blobheadervalue2=abinary%3B+charset%3DUTF-8&blobkey=id&blobtable=MungoBlobs&blobwhere=1445864757397&ssbinary=true,https://www.futur-e.enel.it/cs/Satellite?blobcol=urldata&blobheader=application%2Fpdf&blobheadername1=Content-Disposition&blobheadername2=MDT-Type&blobheadervalue1=inline%3B+filename%3Dlivorno-eng.pdf&blobheadervalue2=abinary%3B+charset%3DUTF-8&blobkey=id&blobtable=MungoBlobs&blobwhere=1445864757397&ssbinary=true,,,,457,,497.301981
ITA,Italy,MESE,WRI1002908,164.34,46.3063,9.3823,Hydro,,,,Unknown,TERNA,http://www.terna.it/en-gb/sistemaelettrico/transparencyreport/generation/installedgenerationcapacity.aspx,http://www.terna.it/en-gb/sistemaelettrico/transparencyreport/generation/installedgenerationcapacity.aspx,,,,484.6,,739.8638572
ITA,Italy,MILAZZO,WRI1002909,162.9,38.2212,15.2383,Gas,,,1986,Unknown,Edison,http://www.termica-milazzo.it/navigate.asp?voce=4&sottovoce=1,http://www.termica-milazzo.it/navigate.asp?voce=4&sottovoce=1,,,,967,,395.4682459
ITA,Italy,MONCALIERI,WRI1002910,780,44.993,7.6755,Gas,,,,Unknown,Iren Energia,http://www.irenenergia.it/ChiSiamo/Attivita/Teleriscaldamento/Dove_Siamo/Impianti_Torino.html,http://www.irenenergia.it/ChiSiamo/Attivita/Teleriscaldamento/Dove_Siamo/Impianti_Torino.html,,,,2286.3,,1893.586445
ITA,Italy,MONTALTO (Alessandro Volta),WRI1002912,3446,42.3572,11.5373,Gas,,,,ENEL,ENEL,https://www.futur-e.enel.it/cs/Satellite?blobcol=urldata&blobheader=application%2Fpdf&blobheadername1=Content-Disposition&blobheadername2=MDT-Type&blobheadervalue1=inline%3B+filename%3Dmontalto-ita_2.pdf&blobheadervalue2=abinary%3B+charset%3DUTF-8&blobkey=id&blobtable=MungoBlobs&blobwhere=1445865128793&ssbinary=true,https://www.futur-e.enel.it/cs/Satellite?blobcol=urldata&blobheader=application%2Fpdf&blobheadername1=Content-Disposition&blobheadername2=MDT-Type&blobheadervalue1=inline%3B+filename%3Dmontalto-ita_2.pdf&blobheadervalue2=abinary%3B+charset%3DUTF-8&blobkey=id&blobtable=MungoBlobs&blobwhere=1445865128793&ssbinary=true,,,,3.079,,8365.767805
ITA,Italy,MONTORIO,WRI1002914,110,42.5831,13.6383,Hydro,,,,Unknown,TERNA,http://www.terna.it/en-gb/sistemaelettrico/transparencyreport/generation/installedgenerationcapacity.aspx,http://www.terna.it/en-gb/sistemaelettrico/transparencyreport/generation/installedgenerationcapacity.aspx,,,,267,,495.2234653
ITA,Italy,MUCONE 1S,WRI1002915,101.44,39.4929,16.3838,Hydro,,,,Unknown,TERNA,http://www.terna.it/en-gb/sistemaelettrico/transparencyreport/generation/installedgenerationcapacity.aspx,http://www.terna.it/en-gb/sistemaelettrico/transparencyreport/generation/installedgenerationcapacity.aspx,,,,401,,456.6860757
ITA,Italy,Monfalcone,WRI1002911,336,45.7979,13.5455,Coal,,,1999,A2A,A2A,http://www.a2a.eu/en/plants_networks/thermoelectric/monfalcone/,http://www.a2a.eu/en/plants_networks/thermoelectric/monfalcone/,,,,2109,,1842.317501
ITA,Italy,NAPOLI L,WRI1002916,400,40.8339,14.3006,Gas,,,,Tirreno,Tirreno Power,http://www.tirrenopower.com/en/impianti-elettrici/napoli-levante/,http://www.tirrenopower.com/en/impianti-elettrici/napoli-levante/,,,,715,,971.0699716
ITA,Italy,RIZZICONI,WRI1002935,760,38.4453,15.99,Gas,,,,EGL Italia,Axpo,http://www.axpo.com/axpo/it/en/knowledge/power-production/assets-in-italy.html,http://www.axpo.com/axpo/it/en/knowledge/power-production/assets-in-italy.html,,,,3635.8,,1845.032946
ITA,Italy,RONCOVALGRANDE,WRI1002936,1000,46.0702,8.7339,Hydro,,,,Unknown,TERNA,http://www.terna.it/en-gb/sistemaelettrico/transparencyreport/generation/installedgenerationcapacity.aspx,http://www.terna.it/en-gb/sistemaelettrico/transparencyreport/generation/installedgenerationcapacity.aspx,,,,508.6,,4502.031503
ITA,Italy,ROSONE,WRI1002938,135,45.4837,7.3693,Hydro,,,,Unknown,TERNA,http://www.terna.it/en-gb/sistemaelettrico/transparencyreport/generation/installedgenerationcapacity.aspx,http://www.terna.it/en-gb/sistemaelettrico/transparencyreport/generation/installedgenerationcapacity.aspx,,,,451,,607.7742529
ITA,Italy,S.GIACOMO,WRI1002944,490,42.785,13.5111,Hydro,,,,Unknown,TERNA,http://www.terna.it/en-gb/sistemaelettrico/transparencyreport/generation/installedgenerationcapacity.aspx,http://www.terna.it/en-gb/sistemaelettrico/transparencyreport/generation/installedgenerationcapacity.aspx,,,,424,,2205.995436
ITA,Italy,S.MASSENZA 1 (Molveno),WRI1002945,377,46.0677,10.9826,Hydro,,,,Unknown,TERNA,http://www.terna.it/en-gb/sistemaelettrico/transparencyreport/generation/installedgenerationcapacity.aspx,http://www.terna.it/en-gb/sistemaelettrico/transparencyreport/generation/installedgenerationcapacity.aspx,,,,583.21,,1697.265877
ITA,Italy,SAN FILIPPO DEL MELA,WRI1002947,866,38.2049,15.2818,Oil,,,,Edipower,Edipower,https://web.archive.org/web/20150316075708/http://www.edipower.it/centrale_di_sanfilippo.htm,https://web.archive.org/web/20150316075708/http://www.edipower.it/centrale_di_sanfilippo.htm,,,,2181.1,,1389.237147
ITA,Italy,SAN QUIRICO,WRI1002946,137,44.9167,10.25,Gas,,,,Edison,Edison,http://www.edison.it/en/node/1505,http://www.edison.it/en/node/1505,,,,1,,332.5914653
ITA,Italy,SARLUX,WRI1002948,630,39.1037,9.0063,Gas,,,,Saras SpA,Power and Technology Magazine,http://www.power-technology.com/projects/sarlux/,http://www.power-technology.com/projects/sarlux/,,,,4429,,1529.435205
ITA,Italy,SELED GLORENZA,WRI1002950,101.6,46.6879,10.5466,Hydro,,,,Unknown,TERNA,http://www.terna.it/en-gb/sistemaelettrico/transparencyreport/generation/installedgenerationcapacity.aspx,http://www.terna.it/en-gb/sistemaelettrico/transparencyreport/generation/installedgenerationcapacity.aspx,,,,201,,457.4064007
ITA,Italy,SERMIDE,WRI1002951,1151,45.0265,11.2522,Gas,,,,Edipower,Edipower,http://www.edipower.it/edp/cms/edipower/attivita/impianti/centrale-termoelettrica-di-sermide/,http://www.edipower.it/edp/cms/edipower/attivita/impianti/centrale-termoelettrica-di-sermide/,,,,938.94,,2794.253843
ITA,Italy,SIMERI CRICHI,WRI1002953,760,38.8759,16.6569,Gas,,,,Edison,Edison,http://www.skemaq.it/uploads/case-studies/7cae243ca90d11d3755216b3b90bacdc.pdf,http://www.skemaq.it/uploads/case-studies/7cae243ca90d11d3755216b3b90bacdc.pdf,,,,2625,,1845.032946
ITA,Italy,SOMPLAGO,WRI1002954,220,46.3706,13.0436,Hydro,,,,Unknown,TERNA,http://www.terna.it/en-gb/sistemaelettrico/transparencyreport/generation/installedgenerationcapacity.aspx,http://www.terna.it/en-gb/sistemaelettrico/transparencyreport/generation/installedgenerationcapacity.aspx,,,,302,,990.4469306
ITA,Italy,SONDRIO,WRI1002955,144,46.169,9.8691,Hydro,,,,Unknown,TERNA,http://www.terna.it/en-gb/sistemaelettrico/transparencyreport/generation/installedgenerationcapacity.aspx,http://www.terna.it/en-gb/sistemaelettrico/transparencyreport/generation/installedgenerationcapacity.aspx,,,,392,,648.2925364
ITA,Italy,SORGENIA PUGLIA CENTRALE DI MODUGNO,WRI1002956,800,41.1025,16.756,Gas,,,,Sorgenia,Sorgenia,https://www.sorgenia.it/produzione/impianti-ciclo-combinato/centrale-modugno.html,https://www.sorgenia.it/produzione/impianti-ciclo-combinato/centrale-modugno.html,,,,947.41,,1942.139943
ITA,Italy,TORVISCOSA,WRI1002971,785,45.817,13.2891,Gas,,,,Edison,Edison,http://www.centraletorviscosa.it/go.asp?Id=4,http://www.centraletorviscosa.it/go.asp?Id=4,,,,2027,,1905.724819
ITA,Italy,TRAPANI C.LE,WRI1002972,213.4,38.0158,12.5108,Gas,,,,EON,E.ON,https://web.archive.org/web/20140409020226/http://www.eon-italia.com/en/business/generation/power-plants/trapani.html,https://web.archive.org/web/20140409020226/http://www.eon-italia.com/en/business/generation/power-plants/trapani.html,,,,100,,518.0658298
ITA,Italy,TURBIGO,WRI1002973,1569,45.5201,8.7422,Oil,,,,Edipower,Edipower,https://web.archive.org/web/20110909235851/http://www.edipower.org/centrali/turbigo.asp,https://web.archive.org/web/20110909235851/http://www.edipower.org/centrali/turbigo.asp,,,,1617.1,,2516.989704
ITA,Italy,Torrevaldaliga Nord,WRI1002969,1845,42.1269,11.7583,Coal,,,,ENEL,Association of Carbon Italy,http://www.assocarboni.it/index.php/en/the-coal/coal-plants-in-italy,http://www.assocarboni.it/index.php/en/the-coal/coal-plants-in-italy,,,,11980,,10116.29699
ITA,Italy,VADO Ligure,WRI1002976,1353,44.2755,8.4305,Gas,,,,Tirreno Power,Tirreno Power,http://www.tirrenopower.com/en/impianti-elettrici/vado-ligure/,http://www.tirrenopower.com/en/impianti-elettrici/vado-ligure/,,,,1239.5,,3284.644179
ITA,Italy,VALLE SECOLO,WRI1002978,114,42.2362,10.8674,Geothermal,,,,Unknown,TERNA,http://www.terna.it/en-gb/sistemaelettrico/transparencyreport/generation/installedgenerationcapacity.aspx,http://www.terna.it/en-gb/sistemaelettrico/transparencyreport/generation/installedgenerationcapacity.aspx,,,,811,,786.9591599
ITA,Italy,VALPELLINE,WRI1002979,130,45.8249,7.3255,Hydro,,,,Unknown,TERNA,http://www.terna.it/en-gb/sistemaelettrico/transparencyreport/generation/installedgenerationcapacity.aspx,http://www.terna.it/en-gb/sistemaelettrico/transparencyreport/generation/installedgenerationcapacity.aspx,,,,390,,585.2640954
ITA,Italy,VENAUS,WRI1002980,230,45.1623,7.0085,Hydro,,,,Unknown,TERNA,http://www.terna.it/en-gb/sistemaelettrico/transparencyreport/generation/installedgenerationcapacity.aspx,http://www.terna.it/en-gb/sistemaelettrico/transparencyreport/generation/installedgenerationcapacity.aspx,,,,345,,1035.467246
ITA,Italy,VENINA,WRI1002981,327.1,46.1596,9.935,Hydro,,,,Unknown,TERNA,http://www.terna.it/en-gb/sistemaelettrico/transparencyreport/generation/installedgenerationcapacity.aspx,http://www.terna.it/en-gb/sistemaelettrico/transparencyreport/generation/installedgenerationcapacity.aspx,,,,542,,1472.614505
ITA,Italy,VERZUOLO,WRI1002982,140,44.5947,7.4858,Gas,,,,Unknown,TERNA,http://www.terna.it/en-gb/sistemaelettrico/transparencyreport/generation/installedgenerationcapacity.aspx,http://www.terna.it/en-gb/sistemaelettrico/transparencyreport/generation/installedgenerationcapacity.aspx,,,,21,,339.8744901
ITA,Italy,VOGHERA,WRI1002983,380.5,45.0296,8.9723,Gas,,,,Unknown,Tractabel,http://www.tractebel-engie.com/references/combined-cycle-power-plant-voghera-pavia-2/,http://www.tractebel-engie.com/references/combined-cycle-power-plant-voghera-pavia-2/,,,,1649,,923.7303105
